ID,data_ordine,id_cliente,nome_cliente,cognome_cliente,telefono_cliente,quantita,stato_ordine,prezzo_totale
1,1714826473291,4,Luca,Bianchi,3438-5 3 1 3 1 5 3,5,Consegnato,74
2,1683550818039,6,Luca,Verdi,3470-3 4 6 2 4 4 6,2,Consegnato,58
3,1715946108092,9,Mario,Verdi,3539-7 3 7 1 1 7 3,4,Spedito,277
4,1698635409002,5,Luca,Rossi,3487-3 7 6 8 0 5 6,7,Spedito,180
5,1731746977057,6,Luca,Verdi,3638-2 0 9 3 0 4 0,2,Cancellato,456
6,1724549511668,9,Mario,Verdi,3723-2 9 2 4 8 9 4,9,In elaborazione,161
7,1717833141261,5,Luca,Rossi,3704-5 2 7 3 2 1 4,8,Cancellato,96
8,1709442709441,7,Mario,Bianchi,3667-3 8 8 2 6 1 8,8,Consegnato,376
9,1679965737348,6,Luca,Verdi,3659-5 5 0 9 7 8 9,1,Cancellato,449
10,1733793008141,4,Luca,Bianchi,3524-5 8 3 5 9 1 1,9,Spedito,160
11,1725697855654,7,Mario,Bianchi,3820-2 4 7 7 9 1 2,9,In elaborazione,287
12,1722028100441,9,Mario,Verdi,3394-5 7 1 5 9 9 3,3,In elaborazione,312
13,1731999013093,9,Mario,Verdi,3734-8 7 7 6 9 0 5,7,Consegnato,341
14,1732752295426,2,Anna,Rossi,3559-2 6 4 2 8 3 0,3,In elaborazione,383
15,1696294116566,2,Anna,Rossi,3590-5 6 8 2 5 4 6,1,Spedito,263
16,1706754241709,2,Anna,Rossi,3481-5 6 3 0 2 0 1,4,Spedito,202
17,1714119591666,3,Anna,Verdi,3646-3 4 0 6 2 0 8,9,Cancellato,186
18,1721652323635,8,Mario,Rossi,3701-0 4 9 6 0 0 5,3,In elaborazione,182
19,1715164050545,3,Anna,Verdi,3517-6 3 5 4 2 7 7,2,In elaborazione,254
20,1735314361414,4,Luca,Bianchi,3314-4 8 3 1 5 6 3,2,Spedito,136
21,1726658991358,6,Luca,Verdi,3488-7 3 5 4 1 3 0,6,Consegnato,104
22,1682076583474,3,Anna,Verdi,3729-1 7 5 6 4 2 5,2,Cancellato,299
23,1714001847806,8,Mario,Rossi,3588-4 8 7 4 1 3 1,2,Consegnato,355
24,1683063447211,2,Anna,Rossi,3473-5 9 9 7 7 3 5,3,Cancellato,96
25,1730843088296,2,Anna,Rossi,3309-6 6 2 9 3 0 5,1,In elaborazione,400
26,1699415403871,4,Luca,Bianchi,3505-8 7 8 7 8 7 3,8,Spedito,140
27,1705862423968,6,Luca,Verdi,3386-9 5 4 6 6 6 2,2,In elaborazione,100
28,1707348384078,8,Mario,Rossi,3834-9 8 0 5 1 1 0,1,Spedito,413
29,1690326971687,2,Anna,Rossi,3521-8 7 0 9 5 7 1,3,Spedito,301
30,1699506916760,9,Mario,Verdi,3360-1 2 4 9 2 0 4,7,Spedito,435
31,1692362209863,2,Anna,Rossi,3685-3 9 6 1 7 9 7,4,In elaborazione,263
32,1733151240202,9,Mario,Verdi,3524-1 9 2 9 7 5 7,1,Cancellato,158
33,1718095413724,4,Luca,Bianchi,3784-4 4 2 0 7 6 8,3,Consegnato,364
34,1706942389390,6,Luca,Verdi,3773-5 0 4 3 4 7 0,8,Spedito,437
35,1713719265426,9,Mario,Verdi,3308-4 2 4 3 1 2 4,1,Spedito,327
36,1721593927831,7,Mario,Bianchi,3875-1 2 9 3 3 6 8,4,Consegnato,173
37,1723199431630,1,Anna,Bianchi,3606-7 8 6 3 2 4 5,4,Cancellato,422
38,1688727832687,2,Anna,Rossi,3684-0 3 1 6 5 0 7,3,In elaborazione,460
39,1716370639039,8,Mario,Rossi,3514-6 8 9 7 6 0 5,4,In elaborazione,242
40,1700390699992,1,Anna,Bianchi,3640-2 2 3 9 9 0 3,2,Consegnato,385
41,1690562204266,4,Luca,Bianchi,3501-2 2 2 4 7 0 3,9,In elaborazione,421
42,1680817875288,3,Anna,Verdi,3662-7 0 8 8 4 6 2,5,In elaborazione,57
43,1681572753210,7,Mario,Bianchi,3646-1 0 8 8 7 5 6,4,Spedito,441
44,1708558235955,6,Luca,Verdi,3367-8 5 9 5 5 4 8,8,Consegnato,269
45,1727356308491,2,Anna,Rossi,3356-3 2 7 1 4 7 6,9,Consegnato,316
46,1719723611132,3,Anna,Verdi,3742-6 2 6 8 0 3 8,9,In elaborazione,86
47,1709765865196,2,Anna,Rossi,3722-8 0 8 8 0 1 9,2,Spedito,214
48,1680191288345,1,Anna,Bianchi,3856-4 2 6 9 8 3 8,3,Consegnato,404
49,1723846826764,7,Mario,Bianchi,3414-0 7 6 8 9 1 1,6,Spedito,80
50,1726270527560,4,Luca,Bianchi,3555-5 6 1 7 6 6 4,1,Consegnato,208
51,1698773898416,1,Anna,Bianchi,3486-9 1 7 9 1 3 0,7,In elaborazione,414
52,1709372111345,9,Mario,Verdi,3881-5 5 4 9 0 0 3,8,Consegnato,253
53,1733047232814,6,Luca,Verdi,3501-3 6 6 8 0 8 9,8,Spedito,301
54,1694893470907,4,Luca,Bianchi,3525-7 6 1 7 4 7 9,5,Consegnato,50
55,1703251077861,4,Luca,Bianchi,3378-1 1 7 3 8 9 5,2,Consegnato,399
56,1711667570318,2,Anna,Rossi,3617-4 6 3 3 7 8 6,9,In elaborazione,360
57,1711785976194,8,Mario,Rossi,3790-8 8 9 4 5 2 0,7,Consegnato,308
58,1698309266972,4,Luca,Bianchi,3543-1 0 4 9 4 2 7,6,Consegnato,356
59,1735401276456,4,Luca,Bianchi,3427-5 5 0 9 7 3 4,6,Cancellato,349
60,1715598525950,8,Mario,Rossi,3664-3 1 7 0 9 6 8,6,Spedito,313
61,1687312713786,2,Anna,Rossi,3761-6 4 5 2 0 8 4,2,In elaborazione,411
62,1716685603837,7,Mario,Bianchi,3809-6 1 4 4 7 0 8,4,Cancellato,427
63,1710813289691,4,Luca,Bianchi,3603-0 5 1 3 7 2 9,4,In elaborazione,125
64,1683372207923,2,Anna,Rossi,3428-7 5 0 0 1 5 7,5,In elaborazione,81
65,1680330615307,6,Luca,Verdi,3359-0 7 7 9 7 3 2,2,Spedito,235
66,1677897244987,1,Anna,Bianchi,3694-2 8 0 4 6 9 3,5,Spedito,183
67,1701904570064,7,Mario,Bianchi,3743-9 6 2 0 1 7 6,4,Spedito,74
68,1699872591664,5,Luca,Rossi,3516-2 9 9 5 1 9 1,3,Cancellato,475
69,1705503879327,1,Anna,Bianchi,3618-6 5 3 5 1 9 2,2,In elaborazione,265
70,1699419865562,3,Anna,Verdi,3360-7 7 9 7 9 8 3,9,Consegnato,80
71,1705501314842,7,Mario,Bianchi,3674-6 5 1 1 7 6 9,7,In elaborazione,174
72,1706283939140,5,Luca,Rossi,3378-9 8 1 3 8 2 0,9,Spedito,214
73,1733254780343,3,Anna,Verdi,3858-1 6 9 3 2 5 6,7,Spedito,190
74,1726236821930,2,Anna,Rossi,3788-3 2 0 9 0 8 8,6,Cancellato,216
75,1706342455678,2,Anna,Rossi,3439-5 7 0 8 1 0 1,9,Cancellato,373
76,1710814712789,2,Anna,Rossi,3610-3 8 6 5 6 3 1,8,Spedito,338
77,1725048497063,5,Luca,Rossi,3520-9 8 8 6 1 9 4,3,Spedito,161
78,1729424148015,2,Anna,Rossi,3414-3 9 3 3 9 1 4,6,Consegnato,447
79,1714202723547,8,Mario,Rossi,3878-9 9 3 0 0 6 1,2,Consegnato,453
80,1730511066476,4,Luca,Bianchi,3714-9 3 5 8 7 1 4,3,In elaborazione,146
81,1721928448196,8,Mario,Rossi,3569-5 6 8 2 6 5 7,3,Cancellato,156
82,1727018971938,8,Mario,Rossi,3760-4 2 1 7 5 5 9,1,Consegnato,378
83,1695050334484,8,Mario,Rossi,3498-5 8 3 3 3 6 3,8,Cancellato,64
84,1701891157579,6,Luca,Verdi,3423-3 4 8 2 5 1 4,3,Cancellato,311
85,1693557872493,9,Mario,Verdi,3824-7 5 2 9 5 9 5,4,In elaborazione,273
86,1734875316519,9,Mario,Verdi,3832-7 9 8 7 6 4 9,9,Spedito,399
87,1697360203805,7,Mario,Bianchi,3728-3 5 4 7 6 7 4,2,Cancellato,330
88,1719048753630,2,Anna,Rossi,3371-8 7 8 8 7 2 1,9,Spedito,93
89,1709778814954,2,Anna,Rossi,3872-7 5 4 3 9 8 8,9,Spedito,67
90,1686453606571,6,Luca,Verdi,3793-4 3 6 0 1 8 2,5,Cancellato,182
91,1718298919607,5,Luca,Rossi,3376-3 9 5 2 1 1 2,3,Consegnato,100
92,1702315155033,1,Anna,Bianchi,3312-0 5 7 6 3 4 8,2,Consegnato,208
93,1710739601790,5,Luca,Rossi,3533-1 3 0 1 6 3 5,3,Consegnato,98
94,1696236834176,3,Anna,Verdi,3661-5 0 7 1 0 1 3,4,Spedito,318
95,1715447168982,7,Mario,Bianchi,3377-4 5 2 1 6 0 9,9,Cancellato,86
96,1699693366203,2,Anna,Rossi,3358-9 8 8 2 5 3 7,1,In elaborazione,370
97,1694756523887,3,Anna,Verdi,3770-8 3 7 7 4 8 6,5,In elaborazione,251
98,1706738752048,1,Anna,Bianchi,3450-2 9 2 5 7 7 6,2,Cancellato,499
99,1734460715874,7,Mario,Bianchi,3659-0 4 0 5 0 1 7,7,In elaborazione,316
100,1686091640697,2,Anna,Rossi,3632-1 0 3 4 3 2 2,1,Cancellato,120
101,1725371215694,6,Luca,Verdi,3660-3 2 6 2 7 3 9,9,Cancellato,177
102,1674881633192,2,Anna,Rossi,3460-2 4 6 3 6 2 7,4,Cancellato,247
103,1731344304070,3,Anna,Verdi,3693-8 5 2 3 7 5 3,3,Cancellato,220
104,1718641733806,9,Mario,Verdi,3326-8 1 6 1 1 3 4,5,Cancellato,427
105,1684151863221,7,Mario,Bianchi,3520-2 9 7 6 3 5 0,9,Cancellato,435
106,1692839279988,5,Luca,Rossi,3519-9 5 8 0 0 6 4,5,Consegnato,403
107,1703047473444,4,Luca,Bianchi,3612-8 7 3 8 8 4 5,7,Cancellato,440
108,1719714315046,6,Luca,Verdi,3501-9 7 3 9 3 7 4,9,Spedito,118
109,1716471808866,5,Luca,Rossi,3426-2 6 9 4 5 6 2,2,Consegnato,430
110,1714832131439,1,Anna,Bianchi,3740-6 9 9 0 1 5 4,6,Consegnato,497
111,1732304190063,7,Mario,Bianchi,3762-7 5 5 4 0 7 5,2,Spedito,118
112,1685569667207,9,Mario,Verdi,3787-3 0 6 2 3 1 5,3,Consegnato,144
113,1696073652757,9,Mario,Verdi,3418-8 3 6 6 9 4 1,1,Spedito,256
114,1691902043321,2,Anna,Rossi,3438-1 1 1 2 7 3 5,1,Cancellato,409
115,1732956361209,8,Mario,Rossi,3870-7 6 2 3 4 0 1,2,Consegnato,322
116,1733257291296,9,Mario,Verdi,3353-5 4 0 9 7 8 7,2,Consegnato,496
117,1711905259611,7,Mario,Bianchi,3401-0 2 2 2 1 2 7,6,In elaborazione,258
118,1732949769685,7,Mario,Bianchi,3323-3 0 5 9 5 8 0,4,Cancellato,399
119,1691921856279,4,Luca,Bianchi,3658-3 4 2 6 6 8 0,5,Cancellato,121
120,1720199644217,3,Anna,Verdi,3836-8 2 4 7 1 2 1,1,Consegnato,398
121,1725984222340,1,Anna,Bianchi,3521-1 7 1 0 2 4 7,2,Consegnato,203
122,1721864151095,5,Luca,Rossi,3497-2 2 1 7 0 1 9,6,Spedito,457
123,1732368186228,8,Mario,Rossi,3744-4 8 3 9 2 0 5,6,In elaborazione,185
124,1713716875044,3,Anna,Verdi,3712-9 6 5 0 2 9 4,1,Spedito,163
125,1731762127332,4,Luca,Bianchi,3860-8 2 6 1 1 1 0,2,Spedito,155
126,1681045449100,2,Anna,Rossi,3705-0 0 4 2 6 4 3,1,Consegnato,94
127,1697153748519,6,Luca,Verdi,3455-4 0 2 2 5 1 7,8,Spedito,227
128,1725609199518,5,Luca,Rossi,3736-3 9 6 1 9 9 0,9,Cancellato,182
129,1718823224235,1,Anna,Bianchi,3619-5 0 2 1 8 8 8,7,Consegnato,80
130,1673930734579,9,Mario,Verdi,3612-9 1 2 5 0 6 2,5,Consegnato,381
131,1694561788415,3,Anna,Verdi,3606-3 3 6 9 9 2 3,3,Spedito,403
132,1675352311163,7,Mario,Bianchi,3816-2 5 6 3 0 8 6,9,Cancellato,137
133,1710810380577,8,Mario,Rossi,3510-7 0 0 1 6 4 9,8,Spedito,168
134,1732380303444,2,Anna,Rossi,3882-8 0 2 7 0 9 1,7,Consegnato,225
135,1731085518621,9,Mario,Verdi,3565-4 5 5 8 2 7 5,5,In elaborazione,384
136,1718180431299,2,Anna,Rossi,3867-4 5 1 2 0 7 3,8,In elaborazione,255
137,1697129859430,1,Anna,Bianchi,3708-9 3 7 5 9 1 5,3,Consegnato,237
138,1697010390096,1,Anna,Bianchi,3720-1 7 3 1 7 6 1,9,In elaborazione,134
139,1704966122997,8,Mario,Rossi,3661-2 5 0 6 4 0 2,3,Consegnato,189
140,1675069227130,7,Mario,Bianchi,3804-1 7 2 6 3 6 2,3,Consegnato,81
141,1675572216209,6,Luca,Verdi,3824-8 0 6 4 8 6 8,4,Spedito,233
142,1694189340720,3,Anna,Verdi,3638-3 6 6 8 3 2 4,4,In elaborazione,217
143,1696322531582,6,Luca,Verdi,3814-6 9 1 8 9 0 8,2,Consegnato,83
144,1718041906590,3,Anna,Verdi,3371-7 5 6 4 4 2 6,9,Cancellato,308
145,1675778695710,7,Mario,Bianchi,3382-1 7 7 2 7 8 7,9,Spedito,149
146,1684093413123,9,Mario,Verdi,3858-7 0 9 7 4 7 9,5,Consegnato,324
147,1728045480190,9,Mario,Verdi,3881-8 6 3 9 7 5 1,6,Spedito,256
148,1728421502492,1,Anna,Bianchi,3305-7 0 6 3 0 7 7,8,Consegnato,164
149,1693924519003,1,Anna,Bianchi,3531-7 6 1 0 7 4 1,6,In elaborazione,94
150,1726747820188,1,Anna,Bianchi,3751-4 5 3 8 8 1 2,1,Spedito,491
151,1686423104998,1,Anna,Bianchi,3880-9 1 5 3 2 7 6,8,In elaborazione,143
152,1725050460911,9,Mario,Verdi,3798-9 2 9 9 0 7 9,8,Consegnato,114
153,1683541636326,7,Mario,Bianchi,3434-8 7 0 5 9 2 8,6,In elaborazione,148
154,1710037352546,7,Mario,Bianchi,3663-8 3 6 6 5 9 5,7,Spedito,192
155,1690468964541,8,Mario,Rossi,3521-0 8 4 5 5 3 8,8,Consegnato,142
156,1717647230349,8,Mario,Rossi,3703-1 4 0 5 7 7 4,3,In elaborazione,346
157,1690174203631,2,Anna,Rossi,3700-9 8 1 5 6 6 4,8,Cancellato,63
158,1703681485881,4,Luca,Bianchi,3663-0 8 8 1 6 9 2,9,Consegnato,297
159,1672832391245,8,Mario,Rossi,3404-8 4 6 7 1 5 3,3,Consegnato,374
160,1681781517312,6,Luca,Verdi,3589-1 0 5 3 7 0 6,3,Cancellato,64
161,1708550591834,7,Mario,Bianchi,3742-8 0 8 0 8 9 4,8,Cancellato,492
162,1714596483472,3,Anna,Verdi,3309-8 9 3 8 4 6 3,9,In elaborazione,392
163,1708422715473,3,Anna,Verdi,3838-5 1 2 7 4 7 6,9,In elaborazione,290
164,1713752795838,5,Luca,Rossi,3395-9 6 2 1 7 7 7,6,In elaborazione,419
165,1714468952612,2,Anna,Rossi,3736-0 2 6 8 6 8 2,3,Spedito,197
166,1698318609784,3,Anna,Verdi,3809-2 7 5 0 7 5 4,8,In elaborazione,173
167,1707645075127,6,Luca,Verdi,3479-3 8 0 0 8 5 7,1,In elaborazione,247
168,1723932420149,5,Luca,Rossi,3752-1 6 0 1 5 4 8,4,Consegnato,402
169,1722938558975,2,Anna,Rossi,3884-6 5 0 8 7 4 1,9,Consegnato,421
170,1685916145532,9,Mario,Verdi,3337-9 6 8 5 0 6 0,4,Spedito,300
171,1719460574554,4,Luca,Bianchi,3589-0 3 0 6 6 0 9,8,Cancellato,479
172,1683681055295,5,Luca,Rossi,3322-7 2 5 7 0 7 1,5,Consegnato,135
173,1680129487671,9,Mario,Verdi,3333-2 3 8 0 8 5 3,5,Spedito,468
174,1694257016648,5,Luca,Rossi,3478-3 3 0 9 1 5 8,6,Cancellato,180
175,1710362733393,1,Anna,Bianchi,3687-7 9 8 2 5 0 9,3,In elaborazione,215
176,1711742006061,7,Mario,Bianchi,3369-6 1 4 7 8 5 0,4,Consegnato,181
177,1733930436295,2,Anna,Rossi,3862-8 9 6 9 5 7 0,1,Cancellato,409
178,1723431261405,8,Mario,Rossi,3821-2 5 6 2 0 9 8,9,Cancellato,312
179,1718533664724,5,Luca,Rossi,3632-7 5 7 9 0 8 6,2,Consegnato,300
180,1734178758286,8,Mario,Rossi,3349-5 8 5 6 4 4 2,9,Consegnato,403
181,1713147083894,2,Anna,Rossi,3610-5 0 7 2 1 8 9,7,Cancellato,62
182,1702248428535,6,Luca,Verdi,3519-8 9 4 5 1 7 2,3,Cancellato,464
183,1721437497379,2,Anna,Rossi,3330-8 3 0 0 9 7 1,1,Consegnato,150
184,1704486164549,1,Anna,Bianchi,3568-0 4 8 7 9 7 0,6,In elaborazione,222
185,1709696853378,6,Luca,Verdi,3479-0 6 2 5 4 7 4,4,Consegnato,182
186,1678604462661,5,Luca,Rossi,3495-7 5 4 2 2 7 4,6,Consegnato,297
187,1712075335264,2,Anna,Rossi,3796-9 4 0 8 1 8 3,8,Spedito,376
188,1687763870598,5,Luca,Rossi,3376-6 7 7 2 5 5 1,7,Spedito,232
189,1687389923374,5,Luca,Rossi,3320-3 3 4 3 8 5 0,8,Spedito,86
190,1676959443627,7,Mario,Bianchi,3629-9 5 1 9 6 1 5,9,Spedito,123
191,1707329943005,1,Anna,Bianchi,3714-2 9 1 4 1 2 7,6,Consegnato,68
192,1714662582895,7,Mario,Bianchi,3538-3 0 0 3 8 1 0,7,Consegnato,194
193,1678095511561,7,Mario,Bianchi,3573-7 7 8 0 7 7 5,5,Cancellato,165
194,1710642113125,9,Mario,Verdi,3879-8 7 1 8 9 2 3,8,Consegnato,81
195,1735450222375,6,Luca,Verdi,3658-5 3 6 8 1 7 2,9,In elaborazione,135
196,1726613532055,8,Mario,Rossi,3486-6 5 8 8 7 2 6,4,Consegnato,241
197,1677422442354,8,Mario,Rossi,3500-1 9 6 3 0 5 0,6,Spedito,353
198,1719501709376,8,Mario,Rossi,3614-3 7 8 1 4 7 7,9,Cancellato,182
199,1689305036567,8,Mario,Rossi,3373-6 5 2 6 8 7 7,1,Spedito,241
200,1722301495671,1,Anna,Bianchi,3736-9 9 9 0 7 2 0,7,Spedito,219
201,1708038353926,9,Mario,Verdi,3616-3 3 5 6 0 7 1,6,Spedito,239
202,1701192492338,8,Mario,Rossi,3623-4 7 4 2 2 6 6,9,Spedito,385
203,1697503144979,5,Luca,Rossi,3479-4 1 9 2 2 1 9,9,Consegnato,421
204,1724565593531,8,Mario,Rossi,3508-9 0 5 3 4 4 8,1,Cancellato,104
205,1686276575484,7,Mario,Bianchi,3655-3 1 0 1 1 8 2,9,Spedito,160
206,1717935022106,2,Anna,Rossi,3353-5 4 5 3 4 1 5,2,Consegnato,110
207,1706819077398,6,Luca,Verdi,3416-0 8 7 7 8 0 0,2,Consegnato,471
208,1706851752946,6,Luca,Verdi,3358-7 2 6 0 4 8 6,4,Spedito,332
209,1707706975458,3,Anna,Verdi,3491-5 0 3 6 5 4 1,8,Cancellato,136
210,1717954754410,8,Mario,Rossi,3355-7 5 3 6 4 7 7,4,Cancellato,175
211,1723192578693,4,Luca,Bianchi,3341-9 7 4 4 4 1 5,1,In elaborazione,444
212,1688610998719,9,Mario,Verdi,3681-3 6 0 6 0 6 1,2,Cancellato,497
213,1684873495074,2,Anna,Rossi,3395-5 5 7 2 8 8 7,3,Cancellato,269
214,1684538094810,1,Anna,Bianchi,3675-1 1 3 6 6 7 1,7,In elaborazione,331
215,1728869735191,5,Luca,Rossi,3638-9 3 0 1 8 2 6,6,Cancellato,394
216,1698100817639,2,Anna,Rossi,3482-8 9 2 8 1 2 7,6,Consegnato,388
217,1682550357789,5,Luca,Rossi,3424-6 5 5 7 3 8 8,7,Consegnato,184
218,1696180370767,7,Mario,Bianchi,3893-6 1 2 7 5 5 4,3,Spedito,310
219,1707969010207,4,Luca,Bianchi,3477-0 4 8 9 8 4 0,5,Cancellato,127
220,1710459756863,6,Luca,Verdi,3643-7 0 6 1 8 8 2,6,Cancellato,348
221,1710120398983,9,Mario,Verdi,3809-1 6 3 3 7 0 7,8,In elaborazione,476
222,1702664464987,4,Luca,Bianchi,3626-4 8 4 7 0 3 9,8,Spedito,469
223,1673197818669,9,Mario,Verdi,3766-3 8 0 7 8 0 7,7,Consegnato,67
224,1694339421176,2,Anna,Rossi,3325-6 4 9 2 9 1 2,2,Spedito,288
225,1720430726595,1,Anna,Bianchi,3623-8 7 2 0 1 2 0,1,In elaborazione,128
226,1721097492244,3,Anna,Verdi,3404-0 2 7 0 9 4 8,4,Consegnato,199
227,1673237504169,8,Mario,Rossi,3436-7 8 3 0 4 3 6,5,Consegnato,403
228,1697288249775,7,Mario,Bianchi,3445-3 6 2 3 4 9 4,3,Consegnato,180
229,1692811630379,6,Luca,Verdi,3664-9 6 6 8 4 5 0,3,In elaborazione,189
230,1709274859062,6,Luca,Verdi,3827-8 3 6 3 0 1 4,8,Spedito,384
231,1728972012170,7,Mario,Bianchi,3623-4 8 4 8 9 9 6,4,Spedito,137
232,1729948434521,1,Anna,Bianchi,3389-7 9 7 4 8 9 5,9,Cancellato,158
233,1690478779744,3,Anna,Verdi,3502-8 4 4 8 0 9 8,1,Consegnato,324
234,1681943313713,2,Anna,Rossi,3830-0 7 2 9 3 4 4,9,In elaborazione,474
235,1712555082064,7,Mario,Bianchi,3584-4 3 0 8 3 0 1,6,Consegnato,193
236,1689035586048,8,Mario,Rossi,3793-0 6 9 9 9 1 0,4,Consegnato,494
237,1689477820560,3,Anna,Verdi,3309-3 6 1 7 0 2 7,7,Spedito,139
238,1714960638618,3,Anna,Verdi,3627-3 3 1 5 9 3 3,3,Consegnato,73
239,1727414829224,8,Mario,Rossi,3339-7 7 9 1 9 5 2,7,Spedito,102
240,1717529555747,9,Mario,Verdi,3427-3 5 5 5 8 4 1,1,Consegnato,446
241,1695015877208,9,Mario,Verdi,3322-0 8 8 6 5 4 7,8,Cancellato,288
242,1729862429619,7,Mario,Bianchi,3829-1 5 1 1 0 9 6,9,Spedito,208
243,1675753393990,9,Mario,Verdi,3739-4 0 3 4 8 3 4,7,Cancellato,287
244,1685080026954,5,Luca,Rossi,3628-7 0 4 4 2 5 1,8,Cancellato,363
245,1679681820680,3,Anna,Verdi,3508-1 5 3 1 3 0 8,9,In elaborazione,416
246,1697479858358,3,Anna,Verdi,3339-9 6 4 3 2 7 1,5,Spedito,181
247,1679357760436,8,Mario,Rossi,3663-1 3 4 5 7 2 3,8,Consegnato,63
248,1727583405923,5,Luca,Rossi,3659-5 4 1 9 4 8 4,3,Cancellato,314
249,1673299665951,9,Mario,Verdi,3564-5 9 1 1 5 6 0,8,In elaborazione,260
250,1700349499172,4,Luca,Bianchi,3886-0 4 1 9 5 3 6,9,In elaborazione,223
251,1681702116844,1,Anna,Bianchi,3497-7 5 6 4 1 4 2,4,Spedito,415
252,1724003148258,9,Mario,Verdi,3638-4 3 4 3 6 6 4,6,In elaborazione,156
253,1698135328677,8,Mario,Rossi,3631-6 5 3 8 7 2 1,1,Consegnato,419
254,1712849380993,6,Luca,Verdi,3559-7 0 2 8 1 3 8,4,Cancellato,89
255,1691471492635,9,Mario,Verdi,3713-4 7 6 7 1 8 7,4,Spedito,453
256,1713571165952,5,Luca,Rossi,3726-1 6 8 8 3 6 7,1,Spedito,188
257,1702943277935,1,Anna,Bianchi,3340-3 0 9 5 4 6 3,2,Consegnato,249
258,1711518159221,4,Luca,Bianchi,3357-9 1 4 4 5 1 0,1,Cancellato,208
259,1706845054777,4,Luca,Bianchi,3427-6 8 3 9 8 6 9,8,In elaborazione,199
260,1681239279987,5,Luca,Rossi,3470-0 0 8 6 5 0 6,9,Cancellato,453
261,1702840782494,4,Luca,Bianchi,3400-9 8 5 8 1 9 1,5,Cancellato,288
262,1687528460777,1,Anna,Bianchi,3766-3 5 8 1 8 1 6,6,Spedito,428
263,1690424732219,4,Luca,Bianchi,3380-8 7 0 1 8 2 0,6,Cancellato,242
264,1732545072408,5,Luca,Rossi,3576-0 0 9 3 1 4 1,1,Cancellato,454
265,1694872565960,8,Mario,Rossi,3356-3 7 9 1 3 5 9,2,In elaborazione,466
266,1699283740306,7,Mario,Bianchi,3388-7 8 1 1 6 4 8,9,Consegnato,154
267,1695515267676,8,Mario,Rossi,3677-6 2 2 8 5 1 4,3,Consegnato,274
268,1687860198366,5,Luca,Rossi,3780-3 0 3 5 0 2 9,8,In elaborazione,192
269,1673430968298,1,Anna,Bianchi,3812-0 7 4 8 7 1 8,8,In elaborazione,376
270,1697034911920,5,Luca,Rossi,3396-3 1 5 3 3 1 5,1,Cancellato,332
271,1675958506107,6,Luca,Verdi,3564-7 9 7 4 0 1 4,4,Consegnato,66
272,1705090662599,9,Mario,Verdi,3658-2 2 0 9 4 7 7,8,Cancellato,215
273,1705371173517,3,Anna,Verdi,3634-4 0 8 5 5 7 2,1,Consegnato,425
274,1730590610317,8,Mario,Rossi,3506-2 7 1 7 6 3 0,2,Consegnato,83
275,1735028396588,1,Anna,Bianchi,3312-0 6 5 7 8 0 3,1,In elaborazione,230
276,1727689110672,6,Luca,Verdi,3386-6 0 8 9 8 3 3,4,Spedito,338
277,1732822675761,3,Anna,Verdi,3589-9 9 8 4 7 0 0,1,Spedito,340
278,1678854037652,1,Anna,Bianchi,3763-5 4 2 3 2 1 2,2,Spedito,491
279,1695852418314,6,Luca,Verdi,3853-7 7 5 6 9 2 9,8,Cancellato,183
280,1723497649738,3,Anna,Verdi,3764-1 3 4 5 0 0 2,3,Cancellato,363
281,1720666249157,6,Luca,Verdi,3331-1 4 7 9 2 4 4,5,Spedito,209
282,1685301976148,2,Anna,Rossi,3503-4 7 7 3 7 9 6,9,Spedito,141
283,1710112899801,9,Mario,Verdi,3818-6 1 0 0 9 0 2,7,Consegnato,409
284,1682419196801,5,Luca,Rossi,3640-6 0 0 0 6 0 0,2,Consegnato,155
285,1675630824924,1,Anna,Bianchi,3330-4 7 3 1 8 6 1,3,Spedito,60
286,1717942590388,6,Luca,Verdi,3310-8 8 8 6 2 7 1,8,Spedito,376
287,1692615875181,8,Mario,Rossi,3776-4 2 8 9 4 1 8,6,In elaborazione,202
288,1687430147633,1,Anna,Bianchi,3370-0 2 2 7 1 4 6,4,In elaborazione,179
289,1719600231718,3,Anna,Verdi,3378-2 3 5 4 4 4 9,4,Cancellato,85
290,1715086781790,6,Luca,Verdi,3856-8 2 6 5 3 8 0,7,Spedito,395
291,1714024342783,4,Luca,Bianchi,3574-9 9 7 5 1 0 7,6,Spedito,401
292,1692629419795,1,Anna,Bianchi,3382-5 3 6 7 6 8 9,9,Consegnato,499
293,1722583803570,8,Mario,Rossi,3751-6 2 9 3 3 3 3,8,Spedito,370
294,1732920639486,7,Mario,Bianchi,3806-7 9 2 1 0 3 4,6,In elaborazione,217
295,1712990782362,5,Luca,Rossi,3661-6 6 8 5 1 3 1,3,Spedito,453
296,1692655983432,6,Luca,Verdi,3874-6 0 4 7 4 3 5,2,Cancellato,409
297,1732772011508,2,Anna,Rossi,3583-2 9 4 6 8 6 8,5,Consegnato,462
298,1690425483617,1,Anna,Bianchi,3405-8 9 6 0 7 3 2,7,Cancellato,51
299,1674467971612,7,Mario,Bianchi,3664-5 5 8 8 3 2 9,1,In elaborazione,185
300,1685346304631,4,Luca,Bianchi,3510-5 1 1 4 6 8 8,5,Cancellato,254
301,1704678111551,9,Mario,Verdi,3351-5 6 7 7 9 2 8,4,In elaborazione,367
302,1731763029820,8,Mario,Rossi,3609-1 0 1 5 2 7 7,3,Spedito,106
303,1715542690035,2,Anna,Rossi,3361-5 1 8 7 7 6 1,3,Cancellato,333
304,1689407983409,3,Anna,Verdi,3629-2 8 6 4 4 0 7,1,Spedito,180
305,1722374700302,7,Mario,Bianchi,3676-7 7 9 6 9 4 7,4,In elaborazione,436
306,1682596601047,9,Mario,Verdi,3705-4 1 7 4 5 0 0,2,Consegnato,97
307,1672671623934,5,Luca,Rossi,3557-2 2 4 1 5 9 1,9,In elaborazione,66
308,1724305699317,2,Anna,Rossi,3363-7 8 8 3 6 5 2,9,Consegnato,180
309,1710559581840,7,Mario,Bianchi,3637-4 6 0 7 8 2 0,4,Spedito,175
310,1703620474300,3,Anna,Verdi,3439-5 1 8 5 8 5 0,9,In elaborazione,177
311,1683654285220,6,Luca,Verdi,3314-9 2 2 7 1 6 5,7,Cancellato,300
312,1711494542691,9,Mario,Verdi,3672-7 6 4 1 3 4 7,7,Cancellato,381
313,1681844741660,7,Mario,Bianchi,3480-5 7 2 0 3 0 2,1,Cancellato,100
314,1687706120414,6,Luca,Verdi,3552-9 2 1 1 2 3 1,5,Consegnato,380
315,1672726012976,9,Mario,Verdi,3752-6 8 8 6 6 3 2,3,Spedito,293
316,1684388245599,2,Anna,Rossi,3755-8 0 0 9 0 0 3,2,In elaborazione,59
317,1694461283803,8,Mario,Rossi,3843-5 2 1 3 3 1 4,2,Consegnato,159
318,1690337894537,5,Luca,Rossi,3301-7 5 7 9 7 5 1,9,Consegnato,282
319,1710694286657,2,Anna,Rossi,3684-5 2 7 0 6 1 7,5,Consegnato,192
320,1697240854517,7,Mario,Bianchi,3720-0 4 7 1 4 6 2,4,Spedito,171
321,1725878284094,5,Luca,Rossi,3847-1 2 6 2 0 0 0,7,Cancellato,497
322,1734207378143,9,Mario,Verdi,3333-1 0 3 8 8 3 9,2,Consegnato,206
323,1716256692155,2,Anna,Rossi,3549-3 3 4 7 0 1 3,3,Consegnato,348
324,1673039037673,6,Luca,Verdi,3680-0 3 8 0 3 5 4,3,Cancellato,341
325,1722360727821,4,Luca,Bianchi,3899-4 0 2 6 2 7 6,3,Cancellato,406
326,1684254021302,5,Luca,Rossi,3582-8 8 2 1 8 9 7,5,In elaborazione,243
327,1727365827839,3,Anna,Verdi,3704-7 8 5 0 9 6 1,5,Spedito,400
328,1683670378597,3,Anna,Verdi,3718-8 7 6 4 6 4 7,1,Cancellato,221
329,1716165064238,3,Anna,Verdi,3478-1 5 2 2 9 9 8,8,Consegnato,397
330,1711104663460,6,Luca,Verdi,3599-7 8 9 2 3 9 7,1,In elaborazione,238
331,1717498293006,8,Mario,Rossi,3763-0 7 7 2 9 2 1,5,Spedito,417
332,1687937104029,6,Luca,Verdi,3321-7 4 1 3 6 1 4,6,Cancellato,395
333,1704997117353,4,Luca,Bianchi,3315-1 1 2 7 7 0 7,4,Consegnato,422
334,1711542939441,8,Mario,Rossi,3857-8 2 4 4 5 7 5,9,Spedito,290
335,1679343755926,2,Anna,Rossi,3464-8 1 8 6 7 6 2,1,Spedito,440
336,1684618219115,7,Mario,Bianchi,3509-0 6 1 6 0 9 4,5,Cancellato,461
337,1719607364715,6,Luca,Verdi,3540-6 2 4 2 1 5 2,7,Cancellato,433
338,1730746231367,1,Anna,Bianchi,3677-1 0 4 5 4 4 1,2,In elaborazione,192
339,1732596167711,9,Mario,Verdi,3728-0 4 3 3 1 8 9,2,In elaborazione,427
340,1716476840828,3,Anna,Verdi,3356-3 2 9 0 9 8 1,1,Cancellato,234
341,1692033354729,9,Mario,Verdi,3872-6 2 8 9 9 4 5,3,In elaborazione,316
342,1686363166644,2,Anna,Rossi,3486-5 1 5 2 6 1 8,1,Cancellato,93
343,1723262862885,1,Anna,Bianchi,3734-6 1 7 8 2 0 1,8,Consegnato,175
344,1722080100654,1,Anna,Bianchi,3650-4 6 3 1 8 5 6,4,Spedito,210
345,1697346811654,2,Anna,Rossi,3657-9 8 5 4 6 8 4,4,Cancellato,482
346,1709290599663,3,Anna,Verdi,3654-4 9 2 5 7 6 8,3,Spedito,417
347,1687938670911,7,Mario,Bianchi,3653-0 5 0 1 8 0 0,2,In elaborazione,433
348,1672959786584,3,Anna,Verdi,3773-3 2 4 3 8 7 8,8,Cancellato,359
349,1684915604268,8,Mario,Rossi,3465-4 6 8 3 2 2 6,6,Spedito,384
350,1720520201958,3,Anna,Verdi,3743-6 4 0 0 6 6 8,1,Spedito,259
351,1732171151440,5,Luca,Rossi,3511-6 5 4 3 9 7 7,7,In elaborazione,146
352,1707242539305,3,Anna,Verdi,3731-0 7 5 8 2 1 4,6,In elaborazione,404
353,1682748020931,7,Mario,Bianchi,3839-0 5 1 6 1 9 5,6,Cancellato,496
354,1695428920758,7,Mario,Bianchi,3894-5 8 4 0 7 7 9,4,Cancellato,152
355,1675568025672,5,Luca,Rossi,3851-3 3 5 8 0 3 4,3,Spedito,102
356,1733732782222,9,Mario,Verdi,3306-3 7 0 7 7 8 1,2,In elaborazione,477
357,1717331080426,3,Anna,Verdi,3752-1 2 8 6 0 5 1,3,In elaborazione,233
358,1719362222963,5,Luca,Rossi,3606-8 6 4 0 2 5 7,6,In elaborazione,276
359,1676616350201,3,Anna,Verdi,3726-3 2 4 9 6 2 6,3,Cancellato,230
360,1717167633142,2,Anna,Rossi,3430-4 8 1 7 7 7 9,1,Cancellato,427
361,1703151760431,7,Mario,Bianchi,3736-2 5 7 9 3 7 8,5,In elaborazione,165
362,1723411350903,7,Mario,Bianchi,3849-4 8 8 4 6 5 1,4,Spedito,422
363,1707614131696,5,Luca,Rossi,3622-7 8 6 6 5 6 7,7,Consegnato,361
364,1677757830250,1,Anna,Bianchi,3502-2 0 5 7 3 5 6,3,In elaborazione,168
365,1681137139248,8,Mario,Rossi,3839-0 4 9 8 8 8 9,6,Cancellato,58
366,1684757886760,5,Luca,Rossi,3873-1 4 8 8 0 3 3,1,Consegnato,348
367,1679090438543,6,Luca,Verdi,3837-0 9 7 8 5 0 2,8,Consegnato,111
368,1698277168408,4,Luca,Bianchi,3592-2 1 2 3 0 0 3,9,Spedito,387
369,1735256901418,7,Mario,Bianchi,3456-3 7 4 7 8 3 9,4,In elaborazione,421
370,1711190974707,8,Mario,Rossi,3682-7 2 7 2 5 1 4,5,Consegnato,453
371,1674261454540,7,Mario,Bianchi,3509-8 7 3 7 8 6 8,2,Cancellato,395
372,1691492159729,1,Anna,Bianchi,3780-1 8 9 1 7 1 4,7,Spedito,58
373,1699893456892,2,Anna,Rossi,3715-9 6 1 3 7 7 7,2,Spedito,241
374,1708175467004,3,Anna,Verdi,3436-4 4 5 7 3 7 9,5,Consegnato,206
375,1729110950158,5,Luca,Rossi,3857-0 5 8 3 4 8 8,8,Consegnato,458
376,1698641623943,6,Luca,Verdi,3312-3 5 2 9 4 8 2,8,Consegnato,404
377,1690279701449,6,Luca,Verdi,3693-1 2 1 0 2 7 2,7,Cancellato,134
378,1699808818098,3,Anna,Verdi,3559-4 4 8 1 2 2 3,5,Consegnato,401
379,1704819177312,9,Mario,Verdi,3797-5 6 0 9 8 0 5,1,Cancellato,365
380,1697835356516,1,Anna,Bianchi,3879-6 7 3 7 3 1 2,6,Consegnato,201
381,1687784930932,2,Anna,Rossi,3654-0 5 2 3 8 7 8,6,Cancellato,290
382,1688481915456,7,Mario,Bianchi,3492-8 1 4 6 2 7 9,9,Spedito,320
383,1683476496945,2,Anna,Rossi,3521-9 7 8 7 0 5 1,9,Spedito,51
384,1708517009830,2,Anna,Rossi,3479-5 7 7 5 5 6 5,8,In elaborazione,339
385,1685360905500,8,Mario,Rossi,3421-1 6 8 6 9 3 1,5,In elaborazione,497
386,1686232277925,1,Anna,Bianchi,3532-3 1 2 1 9 3 9,2,Spedito,143
387,1698286431508,6,Luca,Verdi,3836-6 6 2 6 1 8 8,4,In elaborazione,264
388,1716059725478,1,Anna,Bianchi,3788-5 2 4 7 5 4 5,9,Cancellato,107
389,1696679180357,9,Mario,Verdi,3811-7 8 7 6 7 1 5,8,Cancellato,442
390,1714459042941,8,Mario,Rossi,3707-5 1 7 4 0 3 4,7,In elaborazione,264
391,1685978130235,8,Mario,Rossi,3705-1 1 9 4 4 3 1,6,Spedito,103
392,1679084901906,1,Anna,Bianchi,3582-9 2 6 8 9 1 9,3,Cancellato,300
393,1676756482385,8,Mario,Rossi,3369-6 7 2 6 4 9 8,1,Cancellato,345
394,1716251263266,3,Anna,Verdi,3837-4 2 4 3 5 3 2,5,In elaborazione,437
395,1711668808765,4,Luca,Bianchi,3841-4 7 8 0 9 9 7,8,In elaborazione,428
396,1706008545452,4,Luca,Bianchi,3889-7 2 0 9 1 1 2,6,Spedito,104
397,1723240789339,8,Mario,Rossi,3790-8 4 6 1 3 6 5,8,Consegnato,396
398,1693410274116,7,Mario,Bianchi,3318-5 6 2 5 6 1 0,2,Consegnato,81
399,1695049409341,6,Luca,Verdi,3718-0 1 5 6 5 2 8,1,Consegnato,83
400,1699687408019,1,Anna,Bianchi,3370-2 9 5 1 6 3 6,3,Spedito,311
401,1697568162781,7,Mario,Bianchi,3419-2 5 5 9 2 3 7,2,Cancellato,453
402,1699649282079,9,Mario,Verdi,3427-2 2 0 8 2 6 8,8,Spedito,259
403,1685819609794,9,Mario,Verdi,3396-2 8 7 0 4 1 5,8,Spedito,191
404,1735007879475,3,Anna,Verdi,3431-0 7 5 4 8 1 3,5,Spedito,220
405,1718703388628,9,Mario,Verdi,3519-4 2 1 1 3 2 0,8,Spedito,74
406,1705381679589,2,Anna,Rossi,3680-4 9 3 3 1 7 1,6,In elaborazione,114
407,1711502186290,2,Anna,Rossi,3473-6 7 8 7 1 7 0,8,Spedito,140
408,1691025266237,1,Anna,Bianchi,3329-1 1 2 1 5 7 8,2,Consegnato,243
409,1676929735114,5,Luca,Rossi,3778-4 8 3 7 0 2 1,6,In elaborazione,53
410,1733975403851,4,Luca,Bianchi,3853-9 9 6 0 8 9 2,6,In elaborazione,487
411,1722991859216,7,Mario,Bianchi,3759-3 7 6 8 9 4 0,8,In elaborazione,391
412,1716900520374,6,Luca,Verdi,3569-0 7 3 5 9 4 3,8,In elaborazione,412
413,1716840000182,8,Mario,Rossi,3614-0 1 6 1 3 0 4,5,Consegnato,58
414,1709199485573,2,Anna,Rossi,3584-0 0 9 4 9 4 1,4,In elaborazione,189
415,1682978263995,2,Anna,Rossi,3453-5 8 1 3 9 1 1,3,Consegnato,468
416,1708999601559,3,Anna,Verdi,3323-1 0 5 7 1 1 0,3,Spedito,426
417,1697781177532,6,Luca,Verdi,3576-6 0 8 4 2 5 5,3,Spedito,195
418,1734974492383,2,Anna,Rossi,3646-0 9 3 8 5 8 7,3,Cancellato,383
419,1722086462177,9,Mario,Verdi,3483-8 8 3 0 5 5 5,9,Cancellato,313
420,1714056204373,9,Mario,Verdi,3656-3 4 5 7 6 0 4,9,Cancellato,437
421,1700489739644,3,Anna,Verdi,3584-2 7 7 9 5 8 0,5,Cancellato,102
422,1728198207185,8,Mario,Rossi,3780-5 9 6 5 2 2 6,4,Cancellato,430
423,1675912502414,3,Anna,Verdi,3779-9 7 3 1 8 6 8,4,In elaborazione,69
424,1731994150946,6,Luca,Verdi,3356-9 6 8 3 4 6 1,1,Spedito,468
425,1730428231669,7,Mario,Bianchi,3405-9 8 5 0 7 6 1,4,Spedito,299
426,1727515142273,6,Luca,Verdi,3856-5 9 7 4 6 0 1,9,Cancellato,325
427,1692478712299,6,Luca,Verdi,3322-7 9 7 7 2 5 0,2,Cancellato,243
428,1680704917921,6,Luca,Verdi,3390-1 2 3 7 4 4 6,1,Cancellato,364
429,1735227085993,9,Mario,Verdi,3693-4 4 7 8 2 8 3,6,In elaborazione,484
430,1712176929065,9,Mario,Verdi,3510-3 6 6 8 5 6 9,3,Cancellato,335
431,1721836077863,2,Anna,Rossi,3387-5 4 9 8 9 0 3,6,In elaborazione,418
432,1733047024979,4,Luca,Bianchi,3639-2 5 4 8 6 7 2,3,Spedito,375
433,1677020787787,4,Luca,Bianchi,3471-0 2 2 8 8 6 1,3,Consegnato,201
434,1709719339801,7,Mario,Bianchi,3425-0 8 7 1 8 2 4,9,Cancellato,452
435,1687761096410,8,Mario,Rossi,3313-1 7 3 7 9 5 4,2,Consegnato,90
436,1701620110450,7,Mario,Bianchi,3457-8 2 8 8 2 0 9,7,Spedito,179
437,1723415818897,6,Luca,Verdi,3607-2 5 3 1 7 7 0,9,In elaborazione,290
438,1724532723268,9,Mario,Verdi,3661-2 2 8 1 5 3 5,3,Cancellato,120
439,1726763277452,5,Luca,Rossi,3759-2 1 3 7 9 4 3,4,Cancellato,372
440,1698329175213,6,Luca,Verdi,3784-8 0 0 3 2 8 9,9,Spedito,66
441,1711911553555,6,Luca,Verdi,3785-6 6 3 5 5 2 5,4,Consegnato,357
442,1705976243495,5,Luca,Rossi,3485-0 5 8 1 6 7 6,9,In elaborazione,235
443,1686489890571,3,Anna,Verdi,3452-3 4 1 5 3 9 6,5,Spedito,170
444,1728689244862,1,Anna,Bianchi,3550-8 4 2 8 8 5 0,3,In elaborazione,263
445,1686072262989,8,Mario,Rossi,3451-1 3 0 3 4 6 2,9,Consegnato,130
446,1681436113858,9,Mario,Verdi,3793-1 8 1 4 4 3 7,6,In elaborazione,203
447,1708104172581,9,Mario,Verdi,3711-6 9 7 5 4 1 5,7,Spedito,51
448,1724865901029,9,Mario,Verdi,3440-4 4 8 0 7 1 0,4,In elaborazione,228
449,1675395324166,6,Luca,Verdi,3420-9 7 8 2 6 4 8,2,Cancellato,369
450,1686392949712,1,Anna,Bianchi,3548-6 9 9 4 0 9 6,8,Spedito,94
451,1675465999172,2,Anna,Rossi,3499-4 7 9 9 8 2 6,2,Spedito,347
452,1718994745346,5,Luca,Rossi,3338-4 6 1 3 8 7 7,8,Cancellato,399
453,1692980271100,4,Luca,Bianchi,3398-9 3 3 2 8 9 8,3,In elaborazione,74
454,1732138853123,5,Luca,Rossi,3868-4 7 6 3 5 9 4,3,Cancellato,480
455,1683775761120,3,Anna,Verdi,3520-5 5 3 1 9 9 5,3,Cancellato,130
456,1676872398667,1,Anna,Bianchi,3750-2 8 3 2 1 2 8,9,Consegnato,302
457,1725451329621,7,Mario,Bianchi,3486-0 5 7 2 2 4 6,2,Consegnato,61
458,1723493987184,1,Anna,Bianchi,3749-3 0 3 0 5 2 3,4,Spedito,392
459,1674049683584,8,Mario,Rossi,3530-5 7 2 3 4 3 0,4,Spedito,62
460,1701272246703,8,Mario,Rossi,3400-1 8 8 3 7 1 1,8,In elaborazione,183
461,1711358112420,4,Luca,Bianchi,3424-7 4 7 3 0 2 0,7,In elaborazione,451
462,1688764635472,4,Luca,Bianchi,3703-6 4 3 7 2 8 1,3,Spedito,259
463,1727846848130,6,Luca,Verdi,3454-9 1 6 4 3 3 8,3,Consegnato,465
464,1700662652007,5,Luca,Rossi,3520-6 3 6 8 8 7 8,2,In elaborazione,468
465,1727122923192,7,Mario,Bianchi,3891-9 4 7 2 7 6 2,5,In elaborazione,311
466,1716278372824,2,Anna,Rossi,3805-3 6 0 6 3 4 6,1,In elaborazione,426
467,1709067778869,3,Anna,Verdi,3482-5 9 0 8 1 3 9,3,Spedito,342
468,1735597634266,8,Mario,Rossi,3501-7 3 0 7 4 7 4,7,Spedito,159
469,1728452763348,5,Luca,Rossi,3520-4 4 8 4 3 3 7,6,In elaborazione,314
470,1697359832417,8,Mario,Rossi,3372-4 1 0 8 5 2 0,9,In elaborazione,389
471,1696652951037,3,Anna,Verdi,3325-2 7 3 0 5 3 7,3,Cancellato,400
472,1703689901194,4,Luca,Bianchi,3590-2 9 2 0 7 5 3,2,Cancellato,229
473,1675514080248,4,Luca,Bianchi,3769-9 7 5 0 5 2 2,7,In elaborazione,211
474,1705090100536,3,Anna,Verdi,3828-2 2 3 1 3 3 2,1,Spedito,245
475,1683889442779,6,Luca,Verdi,3868-1 8 1 6 5 8 8,7,In elaborazione,104
476,1716165232662,7,Mario,Bianchi,3753-0 7 4 6 2 5 2,8,Cancellato,84
477,1725976013073,7,Mario,Bianchi,3344-2 4 6 8 1 2 0,8,In elaborazione,200
478,1695614053472,7,Mario,Bianchi,3690-5 8 6 8 8 1 3,9,Spedito,153
479,1690623771209,4,Luca,Bianchi,3746-4 0 1 1 1 6 3,9,Cancellato,241
480,1719265729610,9,Mario,Verdi,3407-2 9 3 0 6 7 6,8,Cancellato,418
481,1724753972149,1,Anna,Bianchi,3554-4 6 8 2 0 8 0,1,In elaborazione,386
482,1703879667852,8,Mario,Rossi,3373-5 8 6 8 0 0 8,5,In elaborazione,479
483,1684010728654,2,Anna,Rossi,3731-3 4 4 1 9 8 7,1,Consegnato,332
484,1680277238124,2,Anna,Rossi,3701-7 4 1 5 1 5 1,1,Consegnato,220
485,1686500158482,3,Anna,Verdi,3814-8 7 3 6 3 9 8,9,In elaborazione,124
486,1726777714008,1,Anna,Bianchi,3363-3 3 3 4 5 5 1,8,Spedito,354
487,1692806656929,4,Luca,Bianchi,3638-2 6 9 6 8 8 2,2,In elaborazione,280
488,1701254334283,9,Mario,Verdi,3328-0 2 5 0 1 7 1,1,Consegnato,199
489,1701499855407,7,Mario,Bianchi,3315-8 3 4 5 1 5 6,3,Cancellato,432
490,1677087827966,7,Mario,Bianchi,3733-9 4 4 6 9 7 8,3,In elaborazione,297
491,1707662460573,8,Mario,Rossi,3677-7 6 6 8 8 4 3,3,Spedito,201
492,1708395564779,2,Anna,Rossi,3711-1 5 8 5 6 1 1,9,Cancellato,178
493,1681994894080,1,Anna,Bianchi,3610-1 9 4 3 2 1 6,3,In elaborazione,277
494,1697095923368,6,Luca,Verdi,3464-3 7 0 9 0 3 8,8,Spedito,213
495,1713315165038,3,Anna,Verdi,3323-1 1 2 5 7 9 0,2,Cancellato,428
496,1704770667869,6,Luca,Verdi,3505-7 0 9 8 8 4 6,2,In elaborazione,434
497,1731522927730,8,Mario,Rossi,3786-4 0 5 5 4 4 6,6,Spedito,72
498,1682187619853,3,Anna,Verdi,3527-8 7 8 2 2 8 1,7,Cancellato,497
499,1708262390902,3,Anna,Verdi,3639-7 1 0 2 4 5 2,3,Spedito,457
500,1719219267769,2,Anna,Rossi,3675-0 4 9 6 7 8 9,1,Spedito,184
501,1711419167614,7,Mario,Bianchi,3510-0 7 5 0 3 4 6,9,In elaborazione,355
502,1701153479512,2,Anna,Rossi,3795-7 5 7 9 6 3 3,6,Cancellato,56
503,1708951446729,9,Mario,Verdi,3470-8 0 2 7 3 6 6,3,Cancellato,209
504,1674384126964,2,Anna,Rossi,3405-4 6 6 3 3 5 8,1,Cancellato,341
505,1685524684842,2,Anna,Rossi,3685-2 6 3 9 9 6 3,1,Consegnato,277
506,1721981516702,1,Anna,Bianchi,3663-6 2 4 8 0 2 0,5,Cancellato,53
507,1703083762319,8,Mario,Rossi,3692-2 3 6 3 1 9 6,7,In elaborazione,52
508,1728144067877,7,Mario,Bianchi,3595-1 2 4 0 6 6 8,6,Consegnato,411
509,1683931295373,9,Mario,Verdi,3530-3 0 1 0 4 2 9,1,In elaborazione,340
510,1717090072290,3,Anna,Verdi,3448-2 4 5 3 5 0 8,6,Consegnato,296
511,1709662794609,3,Anna,Verdi,3580-3 8 9 7 6 3 2,7,In elaborazione,366
512,1676966433759,1,Anna,Bianchi,3398-1 2 4 6 2 6 4,5,In elaborazione,373
513,1730301100659,3,Anna,Verdi,3492-7 9 1 3 9 0 6,4,Spedito,104
514,1707879662025,9,Mario,Verdi,3806-2 5 2 8 0 4 8,4,In elaborazione,437
515,1693650608380,8,Mario,Rossi,3819-4 6 5 2 5 1 5,3,Spedito,71
516,1732295892638,7,Mario,Bianchi,3339-5 4 0 5 4 8 0,7,Cancellato,232
517,1699862939669,2,Anna,Rossi,3315-0 6 0 0 5 8 7,9,Spedito,57
518,1722314310175,2,Anna,Rossi,3530-7 6 1 9 4 7 6,5,Cancellato,280
519,1676162929555,5,Luca,Rossi,3582-2 1 3 6 0 9 2,3,Spedito,465
520,1673294425773,6,Luca,Verdi,3394-9 3 9 3 0 8 0,5,Cancellato,83
521,1728713520113,2,Anna,Rossi,3459-6 0 3 2 0 6 8,6,In elaborazione,262
522,1688603588063,7,Mario,Bianchi,3534-3 9 5 9 8 3 9,9,Consegnato,469
523,1688470753439,2,Anna,Rossi,3636-6 2 8 5 7 4 0,5,Cancellato,88
524,1732822224983,7,Mario,Bianchi,3433-7 0 1 3 1 4 3,2,Spedito,176
525,1715243098337,9,Mario,Verdi,3325-3 4 5 7 0 6 0,3,Consegnato,262
526,1720612976737,8,Mario,Rossi,3407-1 4 4 9 7 2 3,9,Spedito,272
527,1685169351146,4,Luca,Bianchi,3464-9 6 5 9 8 0 0,6,Cancellato,398
528,1680161194436,6,Luca,Verdi,3739-9 1 0 1 3 6 7,7,Spedito,430
529,1711895732492,7,Mario,Bianchi,3892-8 0 9 6 8 2 0,1,Spedito,384
530,1690124870119,1,Anna,Bianchi,3540-7 6 7 1 8 2 4,3,Consegnato,409
531,1701698602087,8,Mario,Rossi,3828-9 1 7 5 1 1 6,4,In elaborazione,110
532,1699014366908,3,Anna,Verdi,3704-4 4 5 5 8 3 1,4,Cancellato,203
533,1724444041497,4,Luca,Bianchi,3726-6 3 6 3 6 5 9,4,Spedito,187
534,1712427387721,4,Luca,Bianchi,3438-8 0 1 4 0 0 8,8,Cancellato,384
535,1687246423132,9,Mario,Verdi,3872-1 3 3 6 5 3 0,2,Spedito,183
536,1687145228043,5,Luca,Rossi,3397-4 0 2 1 0 3 3,4,Consegnato,403
537,1714458271403,8,Mario,Rossi,3690-9 1 6 8 5 8 2,8,Spedito,291
538,1729489758665,7,Mario,Bianchi,3622-2 5 5 7 4 9 9,4,In elaborazione,486
539,1705437142922,1,Anna,Bianchi,3602-1 8 5 1 3 3 4,4,Consegnato,392
540,1706687057492,4,Luca,Bianchi,3666-0 7 6 3 0 4 3,4,Spedito,121
541,1690270495695,4,Luca,Bianchi,3559-1 0 6 5 1 8 7,9,Cancellato,299
542,1694857652951,6,Luca,Verdi,3771-0 8 8 0 2 3 2,4,Consegnato,483
543,1678317546737,8,Mario,Rossi,3348-0 3 2 5 0 9 0,9,Spedito,204
544,1718169917106,4,Luca,Bianchi,3673-9 3 5 9 8 6 1,4,In elaborazione,302
545,1682162829114,7,Mario,Bianchi,3390-6 0 5 2 0 7 1,7,Cancellato,59
546,1689425187169,8,Mario,Rossi,3424-8 8 1 9 4 2 8,3,Consegnato,429
547,1682562126178,3,Anna,Verdi,3524-9 1 4 5 4 5 5,9,In elaborazione,113
548,1692339201731,4,Luca,Bianchi,3377-4 3 6 4 9 6 6,2,Cancellato,335
549,1680614219152,6,Luca,Verdi,3819-2 4 5 6 4 2 3,5,In elaborazione,323
550,1677285416614,1,Anna,Bianchi,3824-6 2 0 6 4 6 3,9,Consegnato,87
551,1717390848797,6,Luca,Verdi,3605-1 1 9 7 3 8 5,3,Cancellato,492
552,1734106989487,7,Mario,Bianchi,3551-9 7 7 9 9 0 4,7,Spedito,87
553,1683757584745,1,Anna,Bianchi,3892-5 4 7 6 6 5 9,7,Spedito,77
554,1722791444438,9,Mario,Verdi,3788-4 1 9 3 8 4 5,4,Spedito,422
555,1714665917603,2,Anna,Rossi,3578-5 7 8 8 4 3 4,4,Cancellato,154
556,1681462340132,8,Mario,Rossi,3415-3 8 3 4 9 2 0,4,In elaborazione,172
557,1734682175601,9,Mario,Verdi,3364-4 6 1 8 5 3 2,9,Spedito,221
558,1707770277444,1,Anna,Bianchi,3350-7 5 3 7 0 2 0,3,Spedito,172
559,1675289989001,7,Mario,Bianchi,3755-3 6 0 3 3 5 9,3,Consegnato,219
560,1734480453655,5,Luca,Rossi,3834-8 5 7 6 0 5 5,7,Consegnato,391
561,1678865518746,2,Anna,Rossi,3754-8 9 4 5 2 1 4,7,Cancellato,367
562,1678088267545,3,Anna,Verdi,3843-6 5 8 6 8 9 2,7,In elaborazione,282
563,1707980374148,9,Mario,Verdi,3671-8 6 1 2 2 9 2,4,Cancellato,433
564,1699834450463,6,Luca,Verdi,3337-3 2 1 6 3 9 0,7,In elaborazione,368
565,1694101423695,1,Anna,Bianchi,3694-8 4 3 6 8 3 3,3,Consegnato,405
566,1677429139843,2,Anna,Rossi,3692-3 8 5 2 0 2 1,7,Spedito,163
567,1706791398764,3,Anna,Verdi,3751-2 9 2 9 1 3 7,4,Cancellato,349
568,1689779178910,3,Anna,Verdi,3579-7 9 1 8 2 1 6,3,Spedito,131
569,1709947755901,8,Mario,Rossi,3436-6 7 5 6 9 5 2,5,Cancellato,323
570,1714866179759,1,Anna,Bianchi,3548-6 7 8 2 8 1 7,5,Consegnato,262
571,1680836528155,1,Anna,Bianchi,3317-9 9 2 0 8 3 4,6,In elaborazione,134
572,1727251903053,5,Luca,Rossi,3869-7 0 6 5 4 7 3,5,Consegnato,89
573,1700015410639,2,Anna,Rossi,3316-4 3 3 4 2 9 1,6,In elaborazione,380
574,1717971734902,5,Luca,Rossi,3305-6 3 2 6 8 4 3,2,Cancellato,211
575,1708575065706,8,Mario,Rossi,3848-8 5 9 9 7 7 8,4,Consegnato,461
576,1690893381321,5,Luca,Rossi,3727-0 7 3 4 2 8 6,1,Spedito,67
577,1720808043216,5,Luca,Rossi,3596-9 4 4 4 2 1 6,3,Consegnato,395
578,1731789412304,7,Mario,Bianchi,3421-6 3 6 4 8 6 0,1,Cancellato,354
579,1730861336532,8,Mario,Rossi,3722-5 9 6 0 4 0 6,1,Spedito,143
580,1732340936959,6,Luca,Verdi,3416-9 7 8 6 1 2 1,1,Spedito,195
581,1728699176876,7,Mario,Bianchi,3680-6 0 3 7 1 1 6,8,Cancellato,335
582,1688576124562,7,Mario,Bianchi,3631-2 8 6 8 4 4 1,4,Cancellato,418
583,1682395845646,8,Mario,Rossi,3893-8 7 4 3 8 0 7,1,Spedito,202
584,1713279273585,6,Luca,Verdi,3503-7 6 2 4 3 9 0,2,Spedito,108
585,1735246631573,2,Anna,Rossi,3530-7 8 9 3 4 1 5,7,Cancellato,350
586,1696761581980,2,Anna,Rossi,3561-3 9 1 6 3 8 3,3,Spedito,206
587,1676130951328,4,Luca,Bianchi,3326-5 7 9 9 8 7 2,7,Cancellato,123
588,1712118391736,3,Anna,Verdi,3351-7 1 0 3 7 2 6,7,Spedito,409
589,1730659107197,1,Anna,Bianchi,3822-0 4 7 6 1 8 1,8,Consegnato,428
590,1692535735838,2,Anna,Rossi,3675-9 9 4 9 9 2 9,8,Spedito,52
591,1672839296532,7,Mario,Bianchi,3434-4 3 8 2 7 3 9,4,Cancellato,466
592,1729073225362,8,Mario,Rossi,3490-5 5 6 5 7 9 7,2,Consegnato,406
593,1733940037624,6,Luca,Verdi,3863-5 3 2 1 0 9 6,8,In elaborazione,238
594,1705838819275,7,Mario,Bianchi,3762-0 2 2 4 4 5 6,5,Consegnato,138
595,1723469360187,9,Mario,Verdi,3345-2 0 4 6 0 4 7,8,In elaborazione,88
596,1710022004518,5,Luca,Rossi,3619-7 8 4 9 0 4 0,3,Spedito,429
597,1708402167385,6,Luca,Verdi,3573-4 9 4 3 3 9 9,3,Spedito,115
598,1714495041436,2,Anna,Rossi,3670-7 4 1 7 4 8 1,6,Cancellato,495
599,1710178010526,9,Mario,Verdi,3695-8 0 7 9 8 3 6,1,Cancellato,376
600,1724290952597,3,Anna,Verdi,3832-6 1 2 5 6 1 4,7,Consegnato,313
601,1688044193873,5,Luca,Rossi,3510-1 3 8 0 3 3 7,7,Spedito,266
602,1716887946705,2,Anna,Rossi,3369-3 8 3 1 1 8 0,7,Consegnato,89
603,1676338762930,5,Luca,Rossi,3571-0 8 5 9 6 7 9,7,Spedito,405
604,1702067158764,8,Mario,Rossi,3672-8 7 1 9 6 0 5,2,Spedito,194
605,1677801833835,7,Mario,Bianchi,3771-4 6 7 3 3 2 7,9,Spedito,424
606,1696206417182,9,Mario,Verdi,3760-8 2 8 7 0 6 0,8,Cancellato,111
607,1711323787604,6,Luca,Verdi,3694-8 0 2 8 6 0 3,4,Cancellato,142
608,1731538187924,3,Anna,Verdi,3821-9 7 2 7 7 9 5,1,Cancellato,459
609,1703747510174,3,Anna,Verdi,3687-5 5 3 0 6 0 8,3,Consegnato,271
610,1679517607818,4,Luca,Bianchi,3310-7 0 0 7 4 4 2,1,Cancellato,273
611,1689582986814,7,Mario,Bianchi,3748-9 9 4 6 4 4 9,7,Consegnato,473
612,1727521294070,3,Anna,Verdi,3723-9 6 6 1 5 9 6,7,Cancellato,340
613,1693090840789,6,Luca,Verdi,3502-8 2 2 5 6 1 2,9,Consegnato,189
614,1688084875476,4,Luca,Bianchi,3668-1 4 6 9 1 8 2,8,Consegnato,223
615,1722634252141,3,Anna,Verdi,3777-3 5 5 6 9 4 8,9,Cancellato,319
616,1728632870092,3,Anna,Verdi,3397-6 3 3 5 8 2 1,3,Spedito,347
617,1711679769978,5,Luca,Rossi,3567-8 2 2 9 5 6 2,9,Cancellato,191
618,1701585476415,2,Anna,Rossi,3397-4 3 6 0 4 4 5,1,Spedito,281
619,1723172398275,2,Anna,Rossi,3619-7 9 9 2 2 5 7,1,Cancellato,407
620,1732487151513,5,Luca,Rossi,3446-7 9 6 3 3 5 8,5,Spedito,124
621,1724331305005,4,Luca,Bianchi,3454-3 0 8 4 0 6 8,7,Consegnato,265
622,1731004067872,4,Luca,Bianchi,3429-4 2 8 1 1 2 5,3,Spedito,63
623,1729490432961,5,Luca,Rossi,3330-5 6 2 4 5 8 1,5,Cancellato,456
624,1712271542739,7,Mario,Bianchi,3531-4 4 8 3 0 8 5,4,Spedito,84
625,1730170347778,4,Luca,Bianchi,3642-4 4 5 0 1 7 6,8,In elaborazione,135
626,1689798618820,5,Luca,Rossi,3575-8 4 0 7 1 6 7,2,Cancellato,159
627,1694940807090,2,Anna,Rossi,3717-4 1 2 4 0 9 3,9,In elaborazione,65
628,1678822321405,9,Mario,Verdi,3673-2 7 1 3 6 4 3,4,Consegnato,308
629,1701738405351,7,Mario,Bianchi,3458-6 9 4 4 3 2 9,3,Spedito,380
630,1689306477846,7,Mario,Bianchi,3768-5 0 9 6 4 6 9,2,Consegnato,420
631,1703508477771,1,Anna,Bianchi,3664-6 1 7 8 2 0 1,3,Consegnato,269
632,1682291323883,4,Luca,Bianchi,3751-1 7 2 9 6 8 2,1,Cancellato,445
633,1735325965318,9,Mario,Verdi,3746-2 2 2 8 8 5 7,8,Cancellato,159
634,1674589088520,3,Anna,Verdi,3314-7 7 7 7 6 9 4,3,Cancellato,274
635,1682928738001,1,Anna,Bianchi,3454-4 3 4 1 2 0 2,8,Consegnato,189
636,1711337230037,7,Mario,Bianchi,3329-9 0 9 5 2 9 7,4,Consegnato,71
637,1677459869519,2,Anna,Rossi,3318-6 5 7 4 6 7 4,1,Spedito,389
638,1729474074198,5,Luca,Rossi,3632-6 4 2 0 6 9 4,7,Cancellato,314
639,1731302687756,9,Mario,Verdi,3636-0 2 3 3 3 7 2,6,Cancellato,485
640,1681853951890,2,Anna,Rossi,3853-6 0 2 2 6 1 3,3,In elaborazione,465
641,1674831487955,3,Anna,Verdi,3787-8 5 6 3 1 9 1,6,Consegnato,427
642,1676886674671,7,Mario,Bianchi,3578-7 9 1 7 3 2 1,7,Consegnato,121
643,1702504346168,3,Anna,Verdi,3453-1 2 4 1 4 9 3,4,Consegnato,422
644,1686341981899,7,Mario,Bianchi,3719-1 6 6 8 8 0 4,9,In elaborazione,231
645,1677344637949,8,Mario,Rossi,3846-6 1 9 3 4 8 1,7,In elaborazione,300
646,1718855763930,9,Mario,Verdi,3305-0 3 2 6 5 3 7,5,In elaborazione,343
647,1688500606855,8,Mario,Rossi,3478-7 3 4 9 3 4 8,2,Spedito,331
648,1678770668691,8,Mario,Rossi,3825-0 8 2 7 9 7 6,6,Consegnato,188
649,1688997710796,7,Mario,Bianchi,3851-5 6 2 3 0 3 8,3,Spedito,55
650,1683919196593,3,Anna,Verdi,3633-7 4 9 4 1 4 3,2,In elaborazione,287
651,1721392287266,7,Mario,Bianchi,3877-2 9 7 2 0 2 3,2,In elaborazione,219
652,1690099082992,2,Anna,Rossi,3761-3 7 0 8 0 2 9,6,Spedito,214
653,1714611805033,3,Anna,Verdi,3890-2 8 0 9 1 5 0,8,In elaborazione,183
654,1712052719964,2,Anna,Rossi,3881-7 2 1 9 7 0 6,9,Consegnato,267
655,1701914852592,5,Luca,Rossi,3779-0 5 4 2 0 4 8,3,Cancellato,184
656,1710543449879,6,Luca,Verdi,3351-6 8 3 3 0 8 4,9,Consegnato,277
657,1727971242165,8,Mario,Rossi,3804-6 0 9 0 1 6 9,1,In elaborazione,77
658,1688162000811,1,Anna,Bianchi,3788-8 5 5 7 2 0 2,5,Spedito,402
659,1717087740690,1,Anna,Bianchi,3325-3 8 8 6 6 7 7,1,Spedito,244
660,1684170783333,6,Luca,Verdi,3462-0 6 8 5 3 0 1,8,In elaborazione,50
661,1722148738007,1,Anna,Bianchi,3420-8 1 5 8 2 0 6,4,Consegnato,223
662,1725137668446,5,Luca,Rossi,3568-6 4 3 1 0 0 0,6,Consegnato,80
663,1724591767617,4,Luca,Bianchi,3644-6 0 2 6 3 3 5,1,Spedito,161
664,1729699899502,3,Anna,Verdi,3402-2 1 9 7 5 9 3,7,Cancellato,144
665,1688604829989,5,Luca,Rossi,3691-2 4 5 8 5 1 5,9,In elaborazione,81
666,1727366878714,9,Mario,Verdi,3650-6 0 9 6 7 3 6,7,Cancellato,363
667,1731498799392,2,Anna,Rossi,3385-1 7 6 0 7 7 2,6,Cancellato,433
668,1692855608485,5,Luca,Rossi,3562-3 5 8 5 9 7 5,7,Spedito,314
669,1705101309154,6,Luca,Verdi,3375-9 9 7 8 7 5 9,6,Consegnato,473
670,1675894293520,1,Anna,Bianchi,3535-0 7 7 3 4 6 9,5,Spedito,81
671,1686537441344,3,Anna,Verdi,3628-6 2 5 0 2 6 0,1,Spedito,123
672,1688136756319,4,Luca,Bianchi,3666-3 5 7 3 0 2 9,3,Consegnato,408
673,1682856049569,4,Luca,Bianchi,3700-2 5 4 0 4 0 3,7,In elaborazione,100
674,1673428269911,5,Luca,Rossi,3655-6 5 9 0 4 4 7,9,Cancellato,164
675,1677703909937,7,Mario,Bianchi,3599-8 7 0 9 9 4 1,5,Consegnato,454
676,1694319273524,1,Anna,Bianchi,3779-1 1 0 3 3 2 2,7,Spedito,201
677,1685221121053,4,Luca,Bianchi,3862-0 4 8 2 3 8 4,8,Consegnato,357
678,1675113416839,1,Anna,Bianchi,3576-4 5 2 7 8 3 6,4,In elaborazione,287
679,1697225445354,8,Mario,Rossi,3548-6 6 7 4 6 7 0,5,Consegnato,146
680,1693615776690,5,Luca,Rossi,3678-5 5 5 9 0 4 8,6,In elaborazione,449
681,1683853817424,6,Luca,Verdi,3683-9 8 1 3 3 2 8,9,Spedito,152
682,1692416477852,3,Anna,Verdi,3747-6 5 4 5 0 2 3,4,Consegnato,82
683,1675401399248,1,Anna,Bianchi,3770-7 3 7 0 8 4 8,6,Consegnato,133
684,1717568081529,5,Luca,Rossi,3355-4 1 7 5 9 9 2,3,Consegnato,225
685,1684511783750,3,Anna,Verdi,3607-1 4 3 9 7 1 2,9,Cancellato,273
686,1688095758442,3,Anna,Verdi,3827-9 5 6 5 7 7 0,1,Cancellato,132
687,1674299943400,7,Mario,Bianchi,3527-9 5 9 9 9 9 8,2,Cancellato,323
688,1683427322083,4,Luca,Bianchi,3712-8 5 4 7 6 8 0,1,In elaborazione,247
689,1678481801661,3,Anna,Verdi,3747-4 4 2 1 4 3 4,2,Consegnato,322
690,1719924470675,7,Mario,Bianchi,3346-9 1 6 8 7 6 1,7,Cancellato,106
691,1723213618953,7,Mario,Bianchi,3365-5 6 5 1 8 0 5,1,In elaborazione,139
692,1680334344267,4,Luca,Bianchi,3425-3 5 1 5 9 0 7,4,Cancellato,378
693,1718252265974,8,Mario,Rossi,3389-8 2 4 7 6 2 1,8,Cancellato,284
694,1692980258133,8,Mario,Rossi,3767-8 7 8 0 0 1 9,3,Cancellato,77
695,1711267287079,3,Anna,Verdi,3892-7 6 7 0 4 7 8,6,Spedito,288
696,1705365945941,7,Mario,Bianchi,3464-8 4 1 1 9 7 5,1,In elaborazione,182
697,1720876504824,1,Anna,Bianchi,3874-9 0 2 3 1 8 9,6,Cancellato,113
698,1674590609850,1,Anna,Bianchi,3660-4 1 7 2 8 7 6,3,Cancellato,434
699,1691383575283,2,Anna,Rossi,3735-0 5 0 3 6 6 4,6,In elaborazione,423
700,1712734573783,1,Anna,Bianchi,3841-6 4 8 9 7 7 6,8,In elaborazione,474
701,1717981879260,3,Anna,Verdi,3822-8 6 1 8 7 4 1,5,Spedito,481
702,1705649211675,6,Luca,Verdi,3608-1 7 7 7 4 6 1,2,Consegnato,60
703,1735279961722,1,Anna,Bianchi,3884-3 5 4 5 4 0 8,8,Consegnato,321
704,1719282172131,1,Anna,Bianchi,3352-7 0 4 7 3 9 9,3,Spedito,439
705,1701304752463,4,Luca,Bianchi,3640-4 3 1 4 2 2 2,2,Consegnato,185
706,1686729697989,8,Mario,Rossi,3686-3 5 9 7 6 7 7,5,Consegnato,186
707,1695342477619,8,Mario,Rossi,3372-2 1 0 1 1 6 2,5,Cancellato,304
708,1704994193447,1,Anna,Bianchi,3816-5 6 6 0 9 0 0,5,Spedito,191
709,1728483520793,9,Mario,Verdi,3536-5 4 8 3 8 6 9,9,Consegnato,134
710,1721683817364,1,Anna,Bianchi,3366-5 4 2 3 4 2 9,5,In elaborazione,272
711,1720291570211,6,Luca,Verdi,3684-9 8 7 7 6 0 6,6,In elaborazione,258
712,1712725810637,5,Luca,Rossi,3815-3 5 6 3 4 7 0,1,In elaborazione,375
713,1721208431705,1,Anna,Bianchi,3637-3 4 7 1 4 5 9,8,Consegnato,490
714,1725014422768,2,Anna,Rossi,3335-9 9 9 6 4 8 2,1,Consegnato,117
715,1723047156746,1,Anna,Bianchi,3552-9 7 2 2 5 9 9,1,Cancellato,241
716,1681641789947,8,Mario,Rossi,3436-1 9 1 7 3 9 1,7,Cancellato,235
717,1715935044903,4,Luca,Bianchi,3863-1 9 1 7 9 0 5,1,In elaborazione,333
718,1687032607006,1,Anna,Bianchi,3765-0 6 0 9 6 9 7,1,Spedito,100
719,1722813774221,7,Mario,Bianchi,3378-1 9 5 5 2 0 9,7,In elaborazione,291
720,1717693512458,2,Anna,Rossi,3792-0 5 4 6 9 7 7,6,Cancellato,260
721,1717532512758,1,Anna,Bianchi,3766-7 4 3 2 1 9 0,4,In elaborazione,306
722,1697907084444,7,Mario,Bianchi,3796-9 3 1 4 4 4 2,9,Cancellato,268
723,1700465671302,9,Mario,Verdi,3853-3 3 8 9 9 2 3,5,Spedito,61
724,1720174391090,4,Luca,Bianchi,3748-1 1 4 4 5 5 6,8,Cancellato,314
725,1710509270533,7,Mario,Bianchi,3564-9 1 7 4 3 1 7,2,Consegnato,153
726,1691597414425,5,Luca,Rossi,3673-1 0 4 0 7 6 4,3,In elaborazione,408
727,1693305591221,3,Anna,Verdi,3544-9 0 0 1 4 2 4,4,In elaborazione,376
728,1709691140659,6,Luca,Verdi,3546-5 3 9 9 1 9 4,5,Cancellato,252
729,1717727011878,2,Anna,Rossi,3655-2 0 3 1 6 8 3,1,In elaborazione,356
730,1693740093747,4,Luca,Bianchi,3513-3 8 7 2 8 2 3,8,Consegnato,82
731,1722217284687,8,Mario,Rossi,3759-3 2 5 8 1 2 5,6,Spedito,361
732,1733428541071,6,Luca,Verdi,3423-4 2 7 9 8 3 3,3,In elaborazione,423
733,1710858462946,3,Anna,Verdi,3672-0 0 4 3 4 0 5,6,Spedito,295
734,1681115570595,3,Anna,Verdi,3445-7 7 4 5 2 7 9,8,Spedito,398
735,1684949523909,1,Anna,Bianchi,3822-0 2 3 9 4 3 6,1,Consegnato,132
736,1713013735253,3,Anna,Verdi,3648-2 0 3 8 2 9 8,9,Spedito,385
737,1676854432470,7,Mario,Bianchi,3545-8 0 0 7 4 4 7,3,Spedito,144
738,1730714936001,6,Luca,Verdi,3667-5 4 6 2 2 2 1,4,In elaborazione,89
739,1705299415643,4,Luca,Bianchi,3707-8 3 9 3 3 4 4,8,Cancellato,318
740,1710670573770,7,Mario,Bianchi,3782-3 3 2 3 8 1 3,5,In elaborazione,158
741,1733921177108,2,Anna,Rossi,3728-4 5 8 4 2 0 0,3,Cancellato,318
742,1715848384909,8,Mario,Rossi,3465-6 4 1 4 4 0 3,9,In elaborazione,374
743,1727366028556,5,Luca,Rossi,3536-8 0 2 8 1 9 1,6,Cancellato,153
744,1690737179007,1,Anna,Bianchi,3344-8 6 0 5 6 7 5,9,Consegnato,349
745,1695536377465,4,Luca,Bianchi,3766-6 6 5 2 0 0 2,3,Cancellato,432
746,1705207674978,6,Luca,Verdi,3724-0 2 5 9 6 5 2,5,Cancellato,487
747,1727059509269,7,Mario,Bianchi,3812-8 9 2 6 9 2 4,1,Cancellato,141
748,1710168951575,7,Mario,Bianchi,3732-4 4 0 5 3 7 7,5,Spedito,179
749,1726628355572,3,Anna,Verdi,3346-5 6 3 9 8 5 3,5,Consegnato,103
750,1728134984029,1,Anna,Bianchi,3444-1 2 8 1 2 5 0,4,In elaborazione,391
751,1678760639997,5,Luca,Rossi,3680-1 0 4 5 8 1 7,3,Spedito,204
752,1709424193318,8,Mario,Rossi,3636-7 7 3 7 4 2 6,9,Spedito,427
753,1710399928019,6,Luca,Verdi,3341-9 3 1 8 4 2 1,3,Spedito,295
754,1680006880478,5,Luca,Rossi,3819-3 6 5 1 2 2 8,9,Cancellato,398
755,1735333035529,4,Luca,Bianchi,3740-5 7 9 4 5 8 5,4,In elaborazione,489
756,1678268928226,1,Anna,Bianchi,3807-2 4 6 5 2 2 4,7,In elaborazione,233
757,1732147589215,1,Anna,Bianchi,3725-9 6 4 8 7 6 4,1,Consegnato,362
758,1678541492323,6,Luca,Verdi,3897-4 7 9 4 1 0 1,7,Spedito,244
759,1704361512824,4,Luca,Bianchi,3715-4 3 6 9 0 1 3,3,Cancellato,257
760,1673771259733,6,Luca,Verdi,3748-7 0 6 4 6 8 8,6,Spedito,278
761,1681512741286,7,Mario,Bianchi,3402-3 1 9 5 1 4 4,3,In elaborazione,329
762,1681456377791,2,Anna,Rossi,3826-6 5 0 5 3 1 7,9,Consegnato,329
763,1722976928299,8,Mario,Rossi,3698-5 7 1 5 2 1 3,4,Spedito,314
764,1685544787500,4,Luca,Bianchi,3708-8 6 8 6 7 9 8,4,Spedito,349
765,1716384883860,4,Luca,Bianchi,3307-6 0 7 5 4 7 5,4,Consegnato,267
766,1726828697628,1,Anna,Bianchi,3849-3 2 8 4 3 6 5,7,In elaborazione,374
767,1691372641833,4,Luca,Bianchi,3493-9 7 9 8 8 0 1,3,Spedito,469
768,1735547527214,3,Anna,Verdi,3456-4 7 8 6 0 4 4,3,Cancellato,473
769,1731692377593,6,Luca,Verdi,3335-6 1 5 9 2 1 1,8,In elaborazione,221
770,1720683085267,7,Mario,Bianchi,3770-3 5 0 6 0 9 0,9,In elaborazione,378
771,1679197837615,3,Anna,Verdi,3584-1 1 6 5 3 4 6,4,In elaborazione,88
772,1734159132073,2,Anna,Rossi,3554-5 8 7 2 0 7 5,2,Consegnato,366
773,1673329434751,2,Anna,Rossi,3648-3 3 6 5 1 5 4,7,Consegnato,349
774,1692358515964,4,Luca,Bianchi,3685-0 7 5 6 3 7 2,1,Consegnato,444
775,1678677945618,8,Mario,Rossi,3371-3 6 6 2 5 9 4,8,Spedito,467
776,1702306846408,9,Mario,Verdi,3753-9 2 7 0 7 2 0,9,Cancellato,367
777,1706109029594,8,Mario,Rossi,3406-0 4 4 9 3 0 6,8,Consegnato,366
778,1690281689273,2,Anna,Rossi,3848-3 2 4 3 4 5 9,6,Spedito,87
779,1693447505267,8,Mario,Rossi,3348-6 6 4 0 6 8 6,5,Consegnato,267
780,1681823518244,6,Luca,Verdi,3556-8 5 0 6 5 3 1,1,In elaborazione,422
781,1707724261984,9,Mario,Verdi,3694-5 3 3 7 7 4 3,5,Cancellato,111
782,1728614753376,4,Luca,Bianchi,3549-3 8 9 7 4 6 6,4,Cancellato,127
783,1724951639757,9,Mario,Verdi,3471-4 7 3 9 0 6 8,8,Spedito,53
784,1680174168308,4,Luca,Bianchi,3789-2 0 0 5 3 4 0,4,Cancellato,55
785,1700610167666,1,Anna,Bianchi,3568-8 9 8 4 0 3 5,1,Cancellato,260
786,1721811138962,1,Anna,Bianchi,3690-6 7 0 5 1 6 2,6,Cancellato,167
787,1685810890281,8,Mario,Rossi,3441-0 2 7 4 7 5 3,3,Consegnato,91
788,1722175556580,5,Luca,Rossi,3590-7 3 0 0 7 0 2,4,Consegnato,197
789,1696021775932,4,Luca,Bianchi,3422-4 0 5 9 2 0 8,1,Spedito,403
790,1695666104552,3,Anna,Verdi,3779-6 4 1 6 7 1 0,5,Cancellato,212
791,1709494747518,5,Luca,Rossi,3762-2 1 8 2 7 4 0,6,Spedito,303
792,1723086580639,9,Mario,Verdi,3361-4 8 0 1 0 3 7,2,Cancellato,445
793,1685140979282,8,Mario,Rossi,3378-1 3 5 7 9 5 6,1,Consegnato,96
794,1725968592770,5,Luca,Rossi,3470-7 7 5 1 4 8 2,7,In elaborazione,401
795,1685887159383,4,Luca,Bianchi,3694-9 0 6 4 5 5 7,3,In elaborazione,306
796,1697154762017,5,Luca,Rossi,3378-6 0 3 8 9 5 0,2,In elaborazione,172
797,1680685186545,3,Anna,Verdi,3865-5 0 2 8 3 4 7,1,In elaborazione,161
798,1725022848267,9,Mario,Verdi,3309-8 3 6 8 6 0 3,6,In elaborazione,368
799,1674387238675,4,Luca,Bianchi,3803-9 3 8 7 8 1 2,8,Spedito,364
800,1724320580777,9,Mario,Verdi,3835-5 1 5 9 7 6 8,4,In elaborazione,332
801,1689410749342,7,Mario,Bianchi,3628-8 4 0 0 1 3 6,1,Cancellato,247
802,1734958131427,1,Anna,Bianchi,3605-9 2 1 5 9 9 3,9,Spedito,398
803,1704621023408,3,Anna,Verdi,3597-1 2 7 2 1 3 2,1,Cancellato,398
804,1692804703293,1,Anna,Bianchi,3759-3 1 6 0 3 4 0,9,In elaborazione,288
805,1677010870838,6,Luca,Verdi,3672-9 4 3 7 3 8 0,7,In elaborazione,91
806,1710045088036,1,Anna,Bianchi,3546-9 5 3 5 3 0 2,2,Spedito,336
807,1729084872375,8,Mario,Rossi,3629-5 3 2 5 2 7 0,6,Cancellato,58
808,1703235184014,1,Anna,Bianchi,3785-4 9 8 6 0 6 6,8,Cancellato,144
809,1719225446294,8,Mario,Rossi,3431-0 8 2 4 9 1 8,3,In elaborazione,121
810,1694107932522,8,Mario,Rossi,3710-7 1 0 9 1 1 3,4,Spedito,459
811,1718480757004,3,Anna,Verdi,3536-4 6 9 9 2 6 6,7,Cancellato,409
812,1729961295225,8,Mario,Rossi,3369-7 3 3 1 2 2 7,2,Consegnato,356
813,1681908480014,4,Luca,Bianchi,3837-3 9 8 3 7 7 1,8,Cancellato,149
814,1693995698566,1,Anna,Bianchi,3588-4 7 8 4 3 6 4,6,In elaborazione,407
815,1686767113861,7,Mario,Bianchi,3307-8 0 7 0 1 6 0,6,Cancellato,82
816,1706710964604,2,Anna,Rossi,3343-6 0 5 8 2 3 9,9,Consegnato,477
817,1708624209160,1,Anna,Bianchi,3797-5 3 6 9 8 7 7,9,Cancellato,393
818,1677153893825,6,Luca,Verdi,3844-4 9 0 9 3 0 9,6,Consegnato,54
819,1709378775407,1,Anna,Bianchi,3409-3 1 8 5 5 9 1,8,Cancellato,146
820,1699292646551,5,Luca,Rossi,3556-3 6 4 6 5 6 9,5,Consegnato,293
821,1684509049004,7,Mario,Bianchi,3367-1 3 5 0 1 7 4,8,In elaborazione,416
822,1722010253107,4,Luca,Bianchi,3394-7 9 0 1 3 7 6,3,In elaborazione,188
823,1675621791907,9,Mario,Verdi,3356-5 3 4 1 5 3 6,1,Consegnato,385
824,1674972016044,6,Luca,Verdi,3310-1 7 5 0 9 9 7,1,Consegnato,139
825,1678176726894,3,Anna,Verdi,3749-5 6 8 6 1 5 1,4,Consegnato,112
826,1729647470567,1,Anna,Bianchi,3859-4 0 4 9 7 4 8,6,In elaborazione,344
827,1710356788619,7,Mario,Bianchi,3571-8 0 7 0 6 0 1,1,Cancellato,167
828,1728420997905,8,Mario,Rossi,3751-9 0 1 6 6 3 9,5,In elaborazione,495
829,1696362116358,6,Luca,Verdi,3446-4 2 8 3 8 0 7,3,Cancellato,391
830,1696591518955,1,Anna,Bianchi,3389-3 7 2 7 6 0 8,2,Spedito,482
831,1692720710773,8,Mario,Rossi,3643-5 4 7 8 3 3 4,7,Spedito,142
832,1720496729533,2,Anna,Rossi,3557-2 8 6 8 7 2 4,5,In elaborazione,389
833,1693136723412,7,Mario,Bianchi,3516-9 0 4 0 1 3 1,2,In elaborazione,107
834,1686725937513,9,Mario,Verdi,3398-5 5 7 4 6 3 5,3,Cancellato,321
835,1687584301670,5,Luca,Rossi,3693-1 6 0 8 3 2 1,5,In elaborazione,145
836,1686981546187,7,Mario,Bianchi,3849-7 9 4 5 1 0 1,1,Consegnato,162
837,1702105241134,8,Mario,Rossi,3853-1 6 8 7 1 0 7,7,Cancellato,448
838,1717666814594,9,Mario,Verdi,3361-8 9 5 5 7 9 2,5,In elaborazione,155
839,1676213742149,4,Luca,Bianchi,3738-1 6 2 3 1 4 0,1,Cancellato,264
840,1681122063225,5,Luca,Rossi,3381-0 5 7 3 4 5 1,3,In elaborazione,485
841,1716020815569,7,Mario,Bianchi,3418-8 4 6 9 9 9 6,4,Spedito,288
842,1693800104032,4,Luca,Bianchi,3474-9 8 5 3 2 6 0,8,Spedito,207
843,1727104005167,3,Anna,Verdi,3868-0 7 0 0 8 2 7,3,In elaborazione,142
844,1711344475686,5,Luca,Rossi,3412-2 8 4 3 0 5 1,8,Spedito,393
845,1721011392979,9,Mario,Verdi,3805-9 9 0 2 3 0 1,8,Cancellato,348
846,1726053964764,2,Anna,Rossi,3485-9 8 5 8 8 4 4,6,Spedito,246
847,1698939260071,4,Luca,Bianchi,3502-2 1 0 7 5 0 6,8,Cancellato,367
848,1725581050551,6,Luca,Verdi,3839-5 2 1 5 3 6 5,6,Consegnato,498
849,1728100935432,8,Mario,Rossi,3898-3 8 9 9 6 1 9,7,Consegnato,347
850,1717166330206,5,Luca,Rossi,3805-7 6 7 2 7 0 7,5,In elaborazione,409
851,1713276123751,8,Mario,Rossi,3539-4 7 7 6 6 3 3,4,Consegnato,393
852,1711335768179,4,Luca,Bianchi,3717-8 3 6 6 8 9 8,8,Spedito,485
853,1725516768504,5,Luca,Rossi,3759-9 9 2 8 4 5 1,5,Cancellato,242
854,1698758058595,1,Anna,Bianchi,3888-6 2 5 2 2 9 6,9,Spedito,248
855,1723736885657,1,Anna,Bianchi,3495-3 4 6 5 0 1 0,6,Cancellato,95
856,1699655946524,3,Anna,Verdi,3840-7 6 9 1 1 0 2,5,In elaborazione,497
857,1680911532442,9,Mario,Verdi,3879-3 8 7 1 6 9 3,8,Consegnato,330
858,1681240909768,3,Anna,Verdi,3325-3 0 5 4 1 3 5,8,Consegnato,215
859,1717164468019,4,Luca,Bianchi,3635-1 9 5 6 8 2 1,9,In elaborazione,76
860,1690913845785,8,Mario,Rossi,3326-9 5 7 4 0 1 8,1,In elaborazione,328
861,1703659971976,7,Mario,Bianchi,3708-4 6 3 8 7 2 1,4,Cancellato,421
862,1673356758245,8,Mario,Rossi,3441-5 7 0 7 2 8 8,5,Cancellato,433
863,1711354465408,9,Mario,Verdi,3787-0 8 2 1 3 8 4,8,In elaborazione,305
864,1707141589446,3,Anna,Verdi,3331-6 5 2 1 9 7 6,6,Consegnato,301
865,1690387234915,8,Mario,Rossi,3890-8 1 6 8 9 0 9,4,Consegnato,364
866,1708709246938,9,Mario,Verdi,3639-7 3 7 4 1 1 6,6,Cancellato,312
867,1718444504292,8,Mario,Rossi,3649-7 2 9 4 1 7 9,5,Consegnato,55
868,1676366239010,2,Anna,Rossi,3698-8 5 8 2 5 5 1,7,Spedito,482
869,1685817842326,7,Mario,Bianchi,3635-6 0 4 3 5 4 0,6,Spedito,262
870,1720222472035,5,Luca,Rossi,3640-7 8 9 9 4 9 1,3,In elaborazione,310
871,1694757817046,2,Anna,Rossi,3802-1 4 0 9 2 1 0,3,In elaborazione,293
872,1684016079317,6,Luca,Verdi,3617-5 3 0 7 7 0 0,5,Cancellato,383
873,1702514621353,7,Mario,Bianchi,3636-5 5 3 3 8 8 9,3,Consegnato,194
874,1684849865731,5,Luca,Rossi,3452-9 0 5 1 1 1 4,6,Spedito,144
875,1705005013351,8,Mario,Rossi,3802-0 5 4 4 8 4 3,2,Cancellato,294
876,1706368993146,4,Luca,Bianchi,3580-9 2 4 1 4 4 6,1,Consegnato,292
877,1735435529887,4,Luca,Bianchi,3724-5 0 5 2 8 8 1,4,Cancellato,81
878,1675095178590,2,Anna,Rossi,3360-0 1 1 0 6 1 0,5,Cancellato,458
879,1677957127395,2,Anna,Rossi,3803-8 3 7 6 0 1 3,5,Consegnato,345
880,1688849560543,4,Luca,Bianchi,3466-4 0 6 1 5 3 1,5,Spedito,317
881,1714113050210,7,Mario,Bianchi,3826-5 6 5 5 5 5 4,2,Spedito,394
882,1678659443721,4,Luca,Bianchi,3422-8 4 6 2 3 0 4,7,Spedito,200
883,1691791862154,7,Mario,Bianchi,3727-4 4 6 0 4 7 9,8,Cancellato,79
884,1699155963405,3,Anna,Verdi,3402-4 3 0 0 7 3 3,7,Spedito,478
885,1688352549086,7,Mario,Bianchi,3304-5 1 7 2 1 6 2,3,Cancellato,69
886,1704173565491,8,Mario,Rossi,3792-2 6 2 2 7 9 7,6,In elaborazione,472
887,1709078474391,9,Mario,Verdi,3882-2 0 9 2 6 2 2,6,Cancellato,447
888,1693708792935,3,Anna,Verdi,3488-8 0 5 1 6 3 4,6,In elaborazione,149
889,1723459217571,7,Mario,Bianchi,3319-8 6 9 6 1 9 9,4,Cancellato,179
890,1723654969304,5,Luca,Rossi,3815-7 2 1 3 9 3 2,3,Cancellato,396
891,1711773931933,7,Mario,Bianchi,3372-7 9 2 1 1 9 3,4,Consegnato,374
892,1692955216141,9,Mario,Verdi,3817-7 2 2 2 6 5 5,5,In elaborazione,390
893,1688528635520,3,Anna,Verdi,3389-7 0 5 9 0 1 9,5,Consegnato,369
894,1730169149436,2,Anna,Rossi,3691-2 8 9 6 5 4 8,8,Cancellato,462
895,1688806353415,9,Mario,Verdi,3347-9 5 4 3 3 5 7,9,Spedito,61
896,1691308535601,3,Anna,Verdi,3865-4 3 5 7 6 1 9,5,Spedito,110
897,1717380411340,1,Anna,Bianchi,3460-7 4 2 8 7 0 4,7,Cancellato,116
898,1680850971532,9,Mario,Verdi,3899-3 5 1 3 0 4 9,1,Consegnato,401
899,1716798608685,4,Luca,Bianchi,3815-6 4 8 5 7 4 0,9,In elaborazione,415
900,1681595889043,6,Luca,Verdi,3572-6 1 7 0 9 1 4,4,Spedito,325
901,1707321274065,7,Mario,Bianchi,3517-7 4 2 7 3 8 0,8,Cancellato,83
902,1701088116934,3,Anna,Verdi,3818-4 2 8 2 3 6 2,2,Spedito,340
903,1724074938128,1,Anna,Bianchi,3727-9 3 0 6 9 4 1,6,Consegnato,289
904,1687764325459,5,Luca,Rossi,3830-2 5 6 3 5 8 5,7,In elaborazione,277
905,1672679603819,7,Mario,Bianchi,3571-1 3 4 0 6 1 0,7,Cancellato,222
906,1717607883052,6,Luca,Verdi,3482-1 8 0 8 0 2 7,5,Consegnato,180
907,1716259868245,5,Luca,Rossi,3422-9 9 0 4 1 1 7,1,Consegnato,87
908,1725939214785,6,Luca,Verdi,3879-0 0 1 7 0 2 4,6,Spedito,322
909,1698660376544,7,Mario,Bianchi,3791-7 4 7 7 7 9 3,6,Cancellato,384
910,1721108738887,2,Anna,Rossi,3509-6 8 7 4 1 6 7,7,In elaborazione,119
911,1681739140929,4,Luca,Bianchi,3377-0 6 3 4 4 7 2,8,In elaborazione,140
912,1683980112877,8,Mario,Rossi,3387-7 7 3 2 8 4 2,7,Cancellato,232
913,1732448942408,4,Luca,Bianchi,3434-2 0 8 0 3 4 4,4,Cancellato,70
914,1677788580898,3,Anna,Verdi,3473-9 9 5 2 1 9 2,1,Spedito,349
915,1687156231007,6,Luca,Verdi,3354-9 1 1 5 4 0 4,9,Spedito,86
916,1720696602268,5,Luca,Rossi,3744-5 7 5 5 1 0 1,3,Consegnato,345
917,1735167758040,8,Mario,Rossi,3626-5 8 1 0 4 6 2,9,In elaborazione,99
918,1679177591230,7,Mario,Bianchi,3553-6 0 5 7 1 0 5,1,Consegnato,265
919,1678654767335,7,Mario,Bianchi,3327-3 8 2 3 4 0 2,8,Spedito,321
920,1681900754009,5,Luca,Rossi,3602-2 1 0 8 9 7 5,4,In elaborazione,214
921,1727617277749,1,Anna,Bianchi,3870-8 8 2 5 3 7 2,3,Cancellato,313
922,1712414138171,4,Luca,Bianchi,3346-9 0 7 3 1 5 4,3,Spedito,454
923,1683958649198,6,Luca,Verdi,3896-9 8 3 2 4 5 7,6,In elaborazione,301
924,1709785288139,7,Mario,Bianchi,3413-4 3 0 0 0 8 3,4,In elaborazione,167
925,1714776010771,7,Mario,Bianchi,3622-7 8 6 7 1 1 5,1,In elaborazione,438
926,1714780826496,6,Luca,Verdi,3590-8 1 2 0 0 8 6,5,In elaborazione,148
927,1717911017177,5,Luca,Rossi,3603-3 1 1 8 7 2 5,6,Spedito,102
928,1678471421328,5,Luca,Rossi,3555-8 8 8 4 2 3 0,6,Consegnato,289
929,1695152890072,2,Anna,Rossi,3727-7 8 7 4 3 2 3,7,In elaborazione,356
930,1723378521949,4,Luca,Bianchi,3788-3 6 8 7 3 9 0,5,Cancellato,349
931,1707317089895,5,Luca,Rossi,3633-0 6 9 5 2 8 3,7,In elaborazione,172
932,1700911220431,7,Mario,Bianchi,3368-9 7 8 3 0 4 3,8,Consegnato,294
933,1720819731467,9,Mario,Verdi,3621-6 0 4 0 7 1 7,3,Cancellato,327
934,1673862244851,7,Mario,Bianchi,3423-5 7 6 4 8 7 3,2,Cancellato,370
935,1684208675364,5,Luca,Rossi,3786-4 8 3 9 0 2 6,2,Cancellato,496
936,1721206432318,4,Luca,Bianchi,3499-9 4 0 9 2 8 9,5,In elaborazione,459
937,1717246820771,8,Mario,Rossi,3558-1 4 8 9 0 5 5,8,Cancellato,277
938,1702948983633,4,Luca,Bianchi,3687-5 1 5 6 6 7 0,1,Spedito,479
939,1692389553136,9,Mario,Verdi,3314-4 6 1 7 8 2 3,6,In elaborazione,430
940,1709681512568,9,Mario,Verdi,3704-4 1 1 1 2 8 9,9,In elaborazione,104
941,1720223798767,2,Anna,Rossi,3421-3 8 2 6 8 7 2,3,Consegnato,486
942,1720127635312,8,Mario,Rossi,3414-5 8 8 0 5 7 7,2,Spedito,311
943,1711369758466,4,Luca,Bianchi,3732-9 0 2 3 5 1 1,9,Consegnato,326
944,1706472663012,5,Luca,Rossi,3891-2 4 5 6 0 0 2,2,Spedito,413
945,1713828337704,8,Mario,Rossi,3596-8 9 5 7 8 8 5,4,Cancellato,263
946,1694959763082,5,Luca,Rossi,3314-3 9 8 3 0 8 2,7,Consegnato,399
947,1686683678072,1,Anna,Bianchi,3588-1 6 8 2 6 5 6,9,Spedito,375
948,1726947097261,7,Mario,Bianchi,3337-1 3 4 1 2 2 3,4,In elaborazione,230
949,1673122004384,3,Anna,Verdi,3401-2 2 8 3 7 0 0,8,In elaborazione,279
950,1690895558184,9,Mario,Verdi,3538-5 2 1 4 5 1 9,5,Consegnato,387
951,1733017743095,5,Luca,Rossi,3721-1 3 9 2 5 3 2,4,In elaborazione,411
952,1711999203955,8,Mario,Rossi,3577-1 7 9 8 6 1 9,8,In elaborazione,173
953,1673485084391,9,Mario,Verdi,3659-4 4 4 0 1 4 3,4,Cancellato,411
954,1681242467103,9,Mario,Verdi,3465-4 0 7 9 0 6 1,5,Spedito,262
955,1701155199117,2,Anna,Rossi,3828-1 3 2 8 3 8 8,6,Spedito,388
956,1675198040206,1,Anna,Bianchi,3679-0 3 3 1 7 1 0,7,Consegnato,191
957,1675870275604,9,Mario,Verdi,3524-4 1 4 3 9 9 9,7,In elaborazione,104
958,1726942833571,3,Anna,Verdi,3624-3 3 3 8 7 9 1,6,Spedito,224
959,1702051938132,1,Anna,Bianchi,3452-0 6 7 5 3 1 9,9,Cancellato,83
960,1673678195347,4,Luca,Bianchi,3354-4 8 7 6 1 6 5,3,Cancellato,296
961,1699713076815,8,Mario,Rossi,3739-4 5 8 4 1 5 3,9,Spedito,493
962,1687077241088,8,Mario,Rossi,3795-7 5 3 8 2 5 9,8,Cancellato,376
963,1723469449619,9,Mario,Verdi,3781-1 9 1 9 2 8 6,8,In elaborazione,207
964,1734300068563,4,Luca,Bianchi,3785-7 4 7 7 8 4 0,1,Consegnato,140
965,1718826939189,6,Luca,Verdi,3865-0 7 4 9 0 9 9,7,Spedito,403
966,1727778507019,2,Anna,Rossi,3612-0 7 2 8 2 6 6,2,Spedito,261
967,1673952744666,1,Anna,Bianchi,3741-3 6 9 6 3 3 1,4,Consegnato,444
968,1714067535871,5,Luca,Rossi,3787-3 4 1 2 9 6 9,3,Spedito,377
969,1682234379152,3,Anna,Verdi,3616-1 1 9 3 1 2 8,2,Spedito,215
970,1696608384874,7,Mario,Bianchi,3490-8 9 2 4 3 8 0,7,Cancellato,261
971,1714023828452,7,Mario,Bianchi,3820-3 0 1 0 5 5 1,3,Consegnato,403
972,1733863836481,1,Anna,Bianchi,3754-3 9 2 8 4 7 8,7,In elaborazione,65
973,1682546706411,1,Anna,Bianchi,3304-3 3 8 9 7 2 5,7,Cancellato,379
974,1707971781467,8,Mario,Rossi,3746-7 8 6 1 0 5 3,1,Cancellato,271
975,1690524057983,4,Luca,Bianchi,3383-2 0 6 9 6 4 6,5,Cancellato,430
976,1708158168469,1,Anna,Bianchi,3898-3 9 9 1 4 8 6,6,Cancellato,54
977,1674059649083,5,Luca,Rossi,3723-9 9 3 9 9 2 6,4,In elaborazione,163
978,1717594000009,4,Luca,Bianchi,3754-2 3 7 4 0 1 1,6,Cancellato,389
979,1731947057322,8,Mario,Rossi,3804-2 5 9 4 3 7 9,2,Spedito,424
980,1726711819192,8,Mario,Rossi,3673-4 6 8 3 1 5 0,5,Spedito,289
981,1716262268157,4,Luca,Bianchi,3746-4 8 4 1 6 8 4,1,In elaborazione,451
982,1704479507012,7,Mario,Bianchi,3609-5 9 9 2 3 9 2,5,Spedito,496
983,1675910849838,5,Luca,Rossi,3573-3 2 1 8 7 2 1,2,Spedito,207
984,1724934222030,4,Luca,Bianchi,3777-5 5 3 9 5 3 3,6,In elaborazione,408
985,1690322632493,7,Mario,Bianchi,3835-0 3 5 3 1 7 4,9,In elaborazione,100
986,1706642503882,6,Luca,Verdi,3783-8 5 6 5 1 2 0,6,In elaborazione,138
987,1672650745987,8,Mario,Rossi,3652-5 8 5 6 8 7 6,7,In elaborazione,122
988,1735072115447,9,Mario,Verdi,3389-3 7 2 0 2 3 8,6,Cancellato,157
989,1697331081192,2,Anna,Rossi,3622-7 2 7 3 2 0 4,8,Spedito,333
990,1710437358870,3,Anna,Verdi,3364-2 7 8 3 2 6 1,7,Consegnato,418
991,1711976626649,5,Luca,Rossi,3332-3 6 1 9 8 1 9,2,Cancellato,205
992,1735418640556,1,Anna,Bianchi,3887-3 1 7 8 2 5 3,9,Cancellato,303
993,1732747968692,8,Mario,Rossi,3703-1 0 7 1 6 0 5,3,Cancellato,311
994,1673736489559,3,Anna,Verdi,3693-4 7 0 9 4 3 1,7,Consegnato,318
995,1691540101605,6,Luca,Verdi,3481-8 0 7 1 2 4 5,9,Consegnato,159
996,1677941849249,1,Anna,Bianchi,3428-0 7 8 6 6 6 4,6,In elaborazione,146
997,1734209724886,8,Mario,Rossi,3558-1 2 1 3 7 6 6,9,Cancellato,359
998,1698459212017,2,Anna,Rossi,3501-3 4 1 1 5 0 7,6,In elaborazione,101
999,1708249793919,4,Luca,Bianchi,3433-9 2 2 6 0 5 0,6,Consegnato,429
1000,1732185215986,2,Anna,Rossi,3482-8 3 3 2 3 0 9,1,Consegnato,115
